name,NSE Code,BSE Code,Sector,industry,revenue,operating expenses,operating profit,Operating Profit Margin,Depreciation,Interest,Profit Before Tax,Tax,Net Profit,EPS,Profit TTM,EPS TTM
3M India Ltd.,3MINDIA,523395,GENERAL INDUSTRIALS,INDUSTRIAL MACHINERY,"1,057",847.4,192.1,18.48%,12.9,0.7,195.9,49.8,146.1,129.7,535.9,475.7
ACC Ltd.,ACC,500410,CEMENT AND CONSTRUCTION,CEMENT & CEMENT PRODUCTS,"4,644.80","3,885.40",549.3,12.39%,212.8,28.9,517.7,131.5,387.9,20.7,"1,202.70",64
AIA Engineering Ltd.,AIAENG,532683,GENERAL INDUSTRIALS,OTHER INDUSTRIAL GOODS,"1,357.10",912.7,382.1,29.51%,24.5,7.4,412.5,88.4,323.1,34.3,"1,216.10",128.9
APL Apollo Tubes Ltd.,APLAPOLLO,533758,METALS & MINING,IRON & STEEL PRODUCTS,"4,650","4,305.40",325,7.02%,41.3,26.6,276.7,73.8,202.9,7.3,767.5,27.7
Au Small Finance Bank Ltd.,AUBANK,540611,BANKING AND FINANCE,BANKS,"2,956.50","1,026.70",647.7,25.59%,0,"1,282.10",533.4,131.5,401.8,6,"1,606.20",24
Adani Ports & Special Economic Zone Ltd.,ADANIPORTS,532921,TRANSPORTATION,MARINE PORT & SERVICES,"6,951.90","2,982.40","3,664",55.13%,974.5,520.1,"2,474.90",759,"1,747.80",8.1,"6,337",29.3
Adani Energy Solutions Ltd.,ADANIENSOL,532921,UTILITIES,ELECTRIC UTILITIES,"3,766.50","2,169.30","1,504.60",40.95%,432.1,640.8,369.9,84.9,275.9,2.5,"1,315.10",11.8
Aditya Birla Fashion and Retail Ltd.,ABFRL,535755,RETAILING,DEPARTMENT STORES,"3,272.20","2,903.60",322.9,10.01%,388.8,208.4,-228.6,-28.2,-179.2,-1.9,-491.7,-5.2
Aegis Logistics Ltd.,AEGISCHEM,500003,OIL & GAS,OIL MARKETING & DISTRIBUTION,"1,279.30","1,026.50",208.3,16.87%,34.1,26.6,192,42,127,3.6,509,14.5
Ajanta Pharma Ltd.,AJANTPHARM,532331,PHARMACEUTICALS & BIOTECHNOLOGY,PHARMACEUTICALS,"1,049.80",737.8,290.7,28.26%,33.7,2.3,275.9,80.6,195.3,15.5,660.2,52.3
Alembic Pharmaceuticals Ltd.,APLLTD,533573,PHARMACEUTICALS & BIOTECHNOLOGY,PHARMACEUTICALS,"1,605.10","1,386.70",208.2,13.06%,67.6,15.7,135.1,-1.9,136.6,7,531.7,27
Alkem Laboratories Ltd.,ALKEM,539523,PHARMACEUTICALS & BIOTECHNOLOGY,PHARMACEUTICALS,"3,503.40","2,693.40",746.7,21.71%,73.9,30.3,648,33.1,620.5,51.9,"1,432.90",119.9
Amara Raja Energy & Mobility Ltd.,ARE&M,500008,AUTOMOBILES & AUTO COMPONENTS,AUTO PARTS & EQUIPMENT,"2,988.60","2,556.90",402.5,13.60%,115.7,6.2,309.8,83.5,226.3,13.2,779.8,45.7
Ambuja Cements Ltd.,AMBUJACEM,500425,CEMENT AND CONSTRUCTION,CEMENT & CEMENT PRODUCTS,"7,900","6,122.10","1,301.80",17.54%,380.9,61.2,"1,335.70",352.5,793,4,"2,777.90",14
Apollo Hospitals Enterprise Ltd.,APOLLOHOSP,508869,DIVERSIFIED CONSUMER SERVICES,HEALTHCARE FACILITIES,"4,869.10","4,219.40",627.5,12.95%,163.4,111.3,376.9,130.2,232.9,16.2,697.5,48.5
Apollo Tyres Ltd.,APOLLOTYRE,500877,AUTOMOBILES & AUTO COMPONENTS,AUTO TYRES & RUBBER PRODUCTS,"6,304.90","5,119.80","1,159.80",18.47%,360.3,132.8,679.9,205.8,474.3,7.5,"1,590.70",25
Ashok Leyland Ltd.,ASHOKLEY,500477,AUTOMOBILES & AUTO COMPONENTS,COMMERCIAL VEHICLES,"11,463","9,558.60","1,870.40",16.37%,226.6,715.1,924.4,358,526,1.8,"2,141.50",7.3
Asian Paints Ltd.,ASIANPAINT,500820,DIVERSIFIED CONSUMER SERVICES,FURNITURE-FURNISHING-PAINTS,"8,643.80","6,762.30","1,716.20",20.24%,208.7,50.9,"1,621.80",418.6,"1,205.40",12.6,"5,062.60",52.8
Astral Ltd.,ASTRAL,532830,GENERAL INDUSTRIALS,PLASTIC PRODUCTS,"1,376.40","1,142.90",220.1,16.15%,48.7,8,176.8,45.1,131.2,4.9,549.7,20.4
Atul Ltd.,ATUL,500027,CHEMICALS & PETROCHEMICALS,SPECIALTY CHEMICALS,"1,215.80","1,038.50",155.2,13.00%,54,1.9,121.5,32.5,90.3,30.6,392.3,132.9
Aurobindo Pharma Ltd.,AUROPHARMA,524804,PHARMACEUTICALS & BIOTECHNOLOGY,PHARMACEUTICALS,"7,406.40","5,846","1,373.40",19.02%,417.5,68.2,"1,074.70",323.7,757.2,12.8,"2,325.50",39.7
Avanti Feeds Ltd.,AVANTIFEED,512573,FOOD BEVERAGES & TOBACCO,OTHER FOOD PRODUCTS,"1,312","1,184.50",94,7.35%,14.3,0.2,113,30.5,74.2,5.5,336.4,24.7
Avenue Supermarts Ltd.,DMART,540376,RETAILING,DEPARTMENT STORES,"12,661.30","11,619.40","1,005",7.96%,174.4,15.6,851.9,228.6,623.6,9.6,"2,332.10",35.8
Axis Bank Ltd.,AXISBANK,532215,BANKING AND FINANCE,BANKS,"33,122.20","9,207.30","9,166",33.43%,0,"14,749","8,313.80","2,096.10","6,204.10",20.1,"13,121",42.6
Bajaj Auto Ltd.,BAJAJ-AUTO,532977,AUTOMOBILES & AUTO COMPONENTS,2/3 WHEELERS,"11,206.80","8,708.10","2,130.10",19.65%,91.8,6.5,"2,400.40",564,"2,020",71.4,"6,841.60",241.8
Bajaj Finance Ltd.,BAJFINANCE,500034,BANKING AND FINANCE,FINANCE (INCLUDING NBFCS),"13,381.80","2,851.50","9,449.70",70.63%,158.5,"4,537.10","4,757.60","1,207","3,550.80",58.7,"13,118.50",216.7
Bajaj Finserv Ltd.,BAJAJFINSV,532978,DIVERSIFIED,HOLDING COMPANIES,"26,022.70","14,992.20","9,949.90",38.24%,208.8,"4,449.10","5,292","1,536.50","1,929",12.1,"7,422.60",46.6
Bajaj Holdings & Investment Ltd.,BAJAJHLDNG,500490,DIVERSIFIED,HOLDING COMPANIES,240.1,33.5,191.2,85.08%,8.4,0.2,197.9,73.9,"1,491.20",134,"5,545.10",498.3
Balkrishna Industries Ltd.,BALKRISIND,502355,AUTOMOBILES & AUTO COMPONENTS,AUTO TYRES & RUBBER PRODUCTS,"2,360.30","1,720.50",532.7,23.64%,160.4,23.9,455.5,108.1,347.4,18,"1,047.50",54.2
Balrampur Chini Mills Ltd.,BALRAMCHIN,500038,FOOD BEVERAGES & TOBACCO,SUGAR,"1,649","1,374.60",164.9,10.71%,41.2,17.2,215.9,56.6,166.3,8.2,540.5,26.8
Bank of Baroda,BANKBARODA,532134,BANKING AND FINANCE,BANKS,"35,766","8,430.40","9,807.90",33.52%,0,"17,527.70","6,022.80","1,679.70","4,458.40",8.5,"18,602.90",35.9
Bank of India,BANKINDIA,532149,BANKING AND FINANCE,BANKS,"16,779.40","3,704.90","3,818.80",25.35%,0,"9,255.70","2,977.40","1,488.60","1,498.50",3.6,"5,388.70",13.1
Bata India Ltd.,BATAINDIA,500043,RETAILING,FOOTWEAR,834.6,637.5,181.7,22.18%,81.7,28.4,46.1,12.1,34,2.6,289.7,22.5
Berger Paints (India) Ltd.,BERGEPAINT,509480,DIVERSIFIED CONSUMER SERVICES,FURNITURE-FURNISHING-PAINTS,"2,782.60","2,293.70",473.6,17.12%,82.9,21.1,385,96.7,291.6,2.5,"1,032.60",8.9
Bharat Electronics Ltd.,BEL,500049,GENERAL INDUSTRIALS,DEFENCE,"4,146.10","2,994.90","1,014.20",25.30%,108.3,1.5,"1,041.50",260.7,789.4,1.1,"3,323",4.5
Bharat Forge Ltd.,BHARATFORG,500493,GENERAL INDUSTRIALS,OTHER INDUSTRIAL PRODUCTS,"3,826.70","3,152.80",621.4,16.47%,211.3,124.3,336.1,121.8,227.2,4.9,783.7,16.8
Bharat Heavy Electricals Ltd.,BHEL,500103,GENERAL INDUSTRIALS,HEAVY ELECTRICAL EQUIPMENT,"5,305.40","5,513",-387.7,-7.56%,59.9,180.4,-447.9,-197.9,-238.1,-0.7,71.3,0.2
Bharat Petroleum Corporation Ltd.,BPCL,500547,OIL & GAS,REFINERIES/PETRO-PRODUCTS,"103,720","90,103.90","12,940.50",12.56%,"1,605.30",973.2,"10,755.70","2,812.20","8,243.50",38.7,"27,505.30",129.2
Bharti Airtel Ltd.,BHARTIARTL,532454,TELECOM SERVICES,TELECOM SERVICES,"37,374.20","17,530.10","19,513.70",52.68%,"9,734.30","5,185.80","3,353.70","1,846.50","1,340.70",2.4,"7,547",13.2
Indus Towers Ltd.,INDUSTOWER,534816,TELECOM SERVICES,OTHER TELECOM SERVICES,"7,229.70","3,498.80","3,633.70",50.95%,"1,525.60",458.6,"1,746.70",452,"1,294.70",4.8,"3,333.50",12.4
Biocon Ltd.,BIOCON,532523,PHARMACEUTICALS & BIOTECHNOLOGY,BIOTECHNOLOGY,"3,620.20","2,720.70",741.6,21.42%,389.3,247.7,238.5,41.6,125.6,1.1,498.4,4.2
Birla Corporation Ltd.,BIRLACORPN,500335,CEMENT AND CONSTRUCTION,CEMENT & CEMENT PRODUCTS,"2,313.20","1,997",288.9,12.64%,143.5,95.4,77.1,18.8,58.4,7.6,153.1,19.9
Blue Dart Express Ltd.,BLUEDART,526612,TRANSPORTATION,TRANSPORTATION - LOGISTICS,"1,329.70","1,101.80",222.7,16.82%,110.6,19.5,97.9,24.8,73.1,30.8,292.4,123.2
Blue Star Ltd.,BLUESTARCO,500067,CONSUMER DURABLES,CONSUMER ELECTRONICS,"1,903.40","1,767.70",122.7,6.49%,23,17.6,95,24.3,70.7,3.6,437.7,21.3
Bombay Burmah Trading Corporation Ltd.,BBTC,501425,FOOD BEVERAGES & TOBACCO,TEA & COFFEE,"4,643.50","3,664.70",859.2,18.99%,74.7,154.6,697.1,212.6,122,17.5,"-1,499.50",-214.8
Bosch Ltd.,BOSCHLTD,500530,AUTOMOBILES & AUTO COMPONENTS,AUTO PARTS & EQUIPMENT,"4,284.30","3,638.80",491.3,11.90%,101.3,12.2,"1,317",318.1,999.8,339,"2,126.90",721
Brigade Enterprises Ltd.,BRIGADE,532929,REALTY,REALTY,"1,407.90","1,041.80",324.8,23.77%,75.7,110,180.3,67.8,133.5,5.8,298.2,12.9
Britannia Industries Ltd.,BRITANNIA,500825,FMCG,PACKAGED FOODS,"4,485.20","3,560.50",872.4,19.68%,71.7,53.4,799.7,212.1,587.6,24.4,"2,536.20",105.3
CCL Products India Ltd.,CCL,519600,FOOD BEVERAGES & TOBACCO,TEA & COFFEE,608.3,497.7,109.9,18.09%,22.6,18.4,69.7,8.8,60.9,4.6,279.9,21
Crisil Ltd.,CRISIL,500092,BANKING AND FINANCE,OTHER FINANCIAL SERVICES,771.8,544.2,191.7,26.05%,26.5,0.8,200.3,48.3,152,20.8,606.3,82.9
Zydus Lifesciences Ltd.,ZYDUSLIFE,532321,PHARMACEUTICALS & BIOTECHNOLOGY,PHARMACEUTICALS,"4,422.80","3,222.70","1,146.10",26.23%,184.2,8.7,"1,007.20",226.4,800.7,7.9,"2,807.10",27.7
Can Fin Homes Ltd.,CANFINHOME,511196,BANKING AND FINANCE,HOUSING FINANCE,871,49.7,749.2,86.01%,2.8,548.4,198,39.9,158.1,11.9,658.8,49.5
Canara Bank,CANBK,532483,BANKING AND FINANCE,BANKS,"33,891.20","8,250.30","7,706.60",28.24%,0,"17,934.30","5,098","1,420.60","3,860",20.9,"13,968.40",77
Carborundum Universal Ltd.,CARBORUNIV,513375,GENERAL INDUSTRIALS,OTHER INDUSTRIAL PRODUCTS,"1,166",978.8,167.5,14.61%,45.9,4.9,136.4,43.7,101.9,5.4,461.3,24.3
Castrol India Ltd.,CASTROLIND,500870,OIL & GAS,OIL MARKETING & DISTRIBUTION,"1,203.20",914.4,268.6,22.70%,22.9,2.4,263.5,69.1,194.4,2,815.5,8.2
Ceat Ltd.,CEATLTD,500878,AUTOMOBILES & AUTO COMPONENTS,AUTO TYRES & RUBBER PRODUCTS,"3,063.80","2,597.20",456.1,14.94%,124.5,71.7,270.4,68.3,208,51.4,521.7,129
Central Bank of India,CENTRALBK,532885,BANKING AND FINANCE,BANKS,"8,438.50","2,565.40","1,535.40",20.81%,0,"4,337.70",567.2,-41.5,622,0.7,"2,181.40",2.5
Century Plyboards (India) Ltd.,CENTURYPLY,532548,FOREST MATERIALS,FOREST PRODUCTS,"1,011.40",852.5,144.3,14.47%,23.4,6.1,129.4,32.2,96.9,4.4,380.7,17.1
Cera Sanitaryware Ltd.,CERA,532443,DIVERSIFIED CONSUMER SERVICES,FURNITURE-FURNISHING-PAINTS,476.2,387.2,76.5,16.49%,8.9,1.4,77.2,19.8,56.9,43.8,232.4,178.7
Chambal Fertilisers & Chemicals Ltd.,CHAMBLFERT,500085,FERTILIZERS,FERTILIZERS,"5,467.30","4,770.50",615,11.42%,78.4,45.8,572.6,200.2,381,9.2,"1,137.70",27.3
Cholamandalam Investment & Finance Company Ltd.,CHOLAFIN,511243,BANKING AND FINANCE,FINANCE (INCLUDING NBFCS),"4,695.20",987.6,"3,235.10",69.99%,38.5,"2,204.20","1,065",288.8,772.9,9.4,"3,022.80",36.7
Cipla Ltd.,CIPLA,500087,PHARMACEUTICALS & BIOTECHNOLOGY,PHARMACEUTICALS,"6,854.50","4,944.40","1,733.80",25.96%,290,25.8,"1,594.20",438.4,"1,130.90",14,"3,449.10",42.7
City Union Bank Ltd.,CUB,532210,BANKING AND FINANCE,BANKS,"1,486.10",333.9,386.6,29.65%,0,765.6,330.6,50,280.6,3.8,943.8,12.7
Coal India Ltd.,COALINDIA,533278,METALS & MINING,COAL,"34,760.30","24,639.40","8,137",24.83%,"1,178.20",182.5,"8,760.20","2,036.50","6,799.80",11,"28,059.60",45.5
Colgate-Palmolive (India) Ltd.,COLPAL,500830,FMCG,PERSONAL PRODUCTS,"1,492.10",989,482.1,32.77%,44.3,1.1,457.8,117.8,340.1,12.5,"1,173.20",43.1
Container Corporation of India Ltd.,CONCOR,531344,COMMERCIAL SERVICES & SUPPLIES,WAREHOUSING AND LOGISTICS,"2,299.80","1,648.40",546.5,24.90%,153.1,16.5,481.8,119,367.4,6,"1,186.20",19.5
Coromandel International Ltd.,COROMANDEL,506395,FERTILIZERS,FERTILIZERS,"7,032.90","5,929.40","1,058.70",15.15%,54,46.2,"1,003.30",245,756.9,25.7,"2,024.20",68.8
Crompton Greaves Consumer Electricals Ltd.,CROMPTON,539876,CONSUMER DURABLES,HOUSEHOLD APPLIANCES,"1,797.20","1,607.80",174.5,9.79%,32.1,21.5,135.8,34.9,97.2,1.5,432,6.7
Cummins India Ltd.,CUMMINSIND,500480,GENERAL INDUSTRIALS,INDUSTRIAL MACHINERY,"2,011.30","1,575.40",346.2,18.02%,38.3,6.8,390.9,99.6,329.1,11.9,"1,445.50",52.1
Cyient Ltd.,CYIENT,532175,SOFTWARE & SERVICES,IT CONSULTING & SOFTWARE,"1,792","1,452.70",325.8,18.32%,65.8,27,240.3,56.7,178.3,16.3,665.6,60.1
DCM Shriram Ltd.,DCMSHRIRAM,523367,CHEMICALS & PETROCHEMICALS,SPECIALTY CHEMICALS,"2,730","2,593.90",114.1,4.21%,74,14.7,47.5,15.2,32.2,2.1,617.6,39.4
DLF Ltd.,DLF,532868,REALTY,REALTY,"1,476.40",885.3,462.4,34.31%,37,90.2,464,112.2,622.8,2.5,"2,239",9
Dabur India Ltd.,DABUR,500096,FMCG,PERSONAL PRODUCTS,"3,320.20","2,543",660.9,20.63%,98.3,28.1,650.8,144.3,515,2.9,"1,755.70",9.9
Delta Corp Ltd.,DELTACORP,532848,COMMERCIAL SERVICES & SUPPLIES,MISC. COMMERCIAL SERVICES,282.6,170.5,100.1,36.99%,16.9,2.7,92.4,23,69.4,2.6,273.3,10.2
Divi's Laboratories Ltd.,DIVISLAB,532488,PHARMACEUTICALS & BIOTECHNOLOGY,PHARMACEUTICALS,"1,995","1,430",479,25.09%,95,1,469,121,348,13.1,"1,331.80",50.3
Dr. Lal Pathlabs Ltd.,LALPATHLAB,539524,DIVERSIFIED CONSUMER SERVICES,HEALTHCARE SERVICES,619.4,423.5,177.8,29.57%,35.9,7.8,152.2,41.5,109.3,13.2,301.4,36.1
Dr. Reddy's Laboratories Ltd.,DRREDDY,500124,PHARMACEUTICALS & BIOTECHNOLOGY,PHARMACEUTICALS,"7,217.60","4,888.80","2,008.30",29.09%,375.5,35.3,"1,912.50",434.5,"1,482.20",89.1,"5,091.20",305.2
EID Parry (India) Ltd.,EIDPARRY,500125,FOOD BEVERAGES & TOBACCO,OTHER FOOD PRODUCTS,"9,210.30","8,002","1,057.50",11.67%,101.2,74.2,"1,032.80",246.8,452.3,25.5,991,55.8
Eicher Motors Ltd.,EICHERMOT,505200,AUTOMOBILES & AUTO COMPONENTS,2/3 WHEELERS,"4,388.30","3,027.40","1,087.20",26.42%,142.5,12.7,"1,205.70",291.1,"1,016.20",37.1,"3,581",130.8
Emami Ltd.,EMAMILTD,531162,FMCG,PERSONAL PRODUCTS,876,631.2,233.7,27.02%,46.1,2.2,196.4,15.8,178.5,4.1,697.8,16
Endurance Technologies Ltd.,ENDURANCE,540153,AUTOMOBILES & AUTO COMPONENTS,AUTO PARTS & EQUIPMENT,"2,560.50","2,226.70",318.3,12.51%,118.4,9.8,205.6,51.1,154.6,11,562.8,40
Engineers India Ltd.,ENGINERSIN,532178,COMMERCIAL SERVICES & SUPPLIES,CONSULTING SERVICES,833.6,691.3,98.5,12.47%,8.3,0.4,133.6,32.2,127.5,2.3,472.7,8.4
Escorts Kubota Ltd.,ESCORTS,500495,AUTOMOBILES & AUTO COMPONENTS,COMMERCIAL VEHICLES,"2,154.40","1,798.60",260.7,12.66%,40.8,3.1,311.9,79.7,223.3,20.6,910.5,82.4
Exide Industries Ltd.,EXIDEIND,500086,AUTOMOBILES & AUTO COMPONENTS,AUTO PARTS & EQUIPMENT,"4,408.90","3,872.40",499.1,11.42%,141.5,29.7,365.3,95.2,269.4,3.2,872.7,10.3
Federal Bank Ltd.,FEDERALBNK,500469,BANKING AND FINANCE,BANKS,"6,548.20","1,603.80","1,400.30",24.18%,0,"3,544.10","1,342.70",342.6,994.1,4.3,"3,671.40",15.6
Finolex Cables Ltd.,FINCABLES,500144,CONSUMER DURABLES,OTHER ELECTRICAL EQUIPMENT/PRODUCTS,"1,229.30","1,041.30",146.1,12.30%,10.8,0.4,176.7,52.3,154.2,10.1,643.9,42.1
Finolex Industries Ltd.,FINPIPE,500940,GENERAL INDUSTRIALS,PLASTIC PRODUCTS,944.5,780.2,103,11.66%,27.4,12.5,124.5,35.4,98,1.6,459.3,7.4
Firstsource Solutions Ltd.,FSL,532809,SOFTWARE & SERVICES,BPO/KPO,"1,556.90","1,311.20",228.8,14.86%,65.4,26.1,154.3,27.8,126.5,1.9,551.7,7.9
GAIL (India) Ltd.,GAIL,532155,UTILITIES,UTILITIES,"33,191","29,405.50","3,580.20",10.85%,837.3,199.6,"2,748.70",696.3,"2,444.10",3.7,"5,283.80",8
GlaxoSmithKline Pharmaceuticals Ltd.,GLAXO,500660,PHARMACEUTICALS & BIOTECHNOLOGY,PHARMACEUTICALS,985.2,667.5,289.5,30.25%,18.1,0.4,299.2,81.7,217.5,12.8,647.8,38.2
Glenmark Pharmaceuticals Ltd.,GLENMARK,532296,PHARMACEUTICALS & BIOTECHNOLOGY,PHARMACEUTICALS,"3,209.10","2,745.10",462.3,14.41%,141.5,121.5,-124.4,55.9,-81.9,-2.9,-196.3,-7
Godrej Consumer Products Ltd.,GODREJCP,532424,FMCG,PERSONAL PRODUCTS,"3,667.90","2,897.80",704.2,19.55%,60.9,77.3,619.4,186.6,432.8,4.2,"1,750.10",17.1
Godrej Industries Ltd.,GODREJIND,500164,DIVERSIFIED,DIVERSIFIED,"4,256.90","3,672.10",265.5,6.74%,89.3,333.1,162.4,75.9,87.3,2.6,880,26.1
Godrej Properties Ltd.,GODREJPROP,533150,REALTY,REALTY,605.1,404.7,-61.7,-17.98%,7.4,48,145.1,38.8,66.8,2.4,662.6,23.8
Granules India Ltd.,GRANULES,532482,PHARMACEUTICALS & BIOTECHNOLOGY,PHARMACEUTICALS,"1,191",976.5,213,17.90%,52.5,26,136,33.9,102.1,4.2,393.9,16.3
Great Eastern Shipping Company Ltd.,GESHIP,500620,TRANSPORTATION,SHIPPING,"1,461.50",585.6,643.4,52.35%,186.7,77.1,611.9,17.3,594.7,41.6,"2,520.10",176.5
Gujarat Alkalies & Chemicals Ltd.,GUJALKALI,530001,CHEMICALS & PETROCHEMICALS,COMMODITY CHEMICALS,"1,042.30",926.1,45.2,4.65%,95.2,10.8,10.2,-0.1,-18.4,-2.5,82.7,11.3
Gujarat Gas Ltd.,GUJGASLTD,539336,UTILITIES,UTILITIES,"4,019.30","3,494.50",496.6,12.44%,117.9,7.8,399.1,102.9,296.2,4.3,"1,254.30",18.2
Gujarat Narmada Valley Fertilizers & Chemicals Ltd.,GNFC,500670,FERTILIZERS,FERTILIZERS,"2,232","1,911",169,8.12%,78,1,242,64,182,11.7,932,60.1
Gujarat Pipavav Port Ltd.,GPPL,533248,TRANSPORTATION,MARINE PORT & SERVICES,270.4,102,150.6,59.64%,28.8,2.2,141.1,53.4,92.3,1.9,341.8,7.1
Gujarat State Fertilizer & Chemicals Ltd.,GSFC,500690,FERTILIZERS,FERTILIZERS,"3,313.20","2,881.40",237.3,7.61%,45.7,1.6,387,78.1,308.9,7.8,"1,056.20",26.5
Gujarat State Petronet Ltd.,GSPL,532702,UTILITIES,UTILITIES,"4,455.90","3,497.20",913.7,20.72%,165,14.5,779.2,198.7,454.6,8.1,"1,522",27
HCL Technologies Ltd.,HCLTECH,532281,SOFTWARE & SERVICES,IT CONSULTING & SOFTWARE,"27,037","20,743","5,929",22.23%,"1,010",156,"5,128","1,295","3,832",14.2,"15,445",56.9
HDFC Bank Ltd.,HDFCBANK,500180,BANKING AND FINANCE,BANKS,"107,566.60","42,037.60","24,279.10",32.36%,0,"41,249.90","20,967.40","3,655","16,811.40",22.2,"54,474.60",71.8
Havells India Ltd.,HAVELLS,517354,CONSUMER DURABLES,OTHER ELECTRICAL EQUIPMENT/PRODUCTS,"3,952.80","3,527",373.4,9.57%,81.2,9.3,335.3,86.2,249.1,4,"1,177.70",18.8
Hero MotoCorp Ltd.,HEROMOTOCO,500182,AUTOMOBILES & AUTO COMPONENTS,2/3 WHEELERS,"9,741.20","8,173.50","1,359.50",14.26%,187.1,25,"1,355.60",353.1,"1,006.30",50.3,"3,247.60",162.5
HFCL Ltd.,HFCL,500183,TELECOMMUNICATIONS EQUIPMENT,TELECOM CABLES,"1,128.70",978.9,132.6,11.93%,21.4,34.8,93.5,24,69.4,0.5,305.5,2.1
Hindalco Industries Ltd.,HINDALCO,500440,METALS & MINING,ALUMINIUM AND ALUMINIUM PRODUCTS,"54,632","48,557","5,612",10.36%,"1,843","1,034","3,231","1,035","2,196",9.9,"8,423",37.9
Hindustan Copper Ltd.,HINDCOPPER,513599,METALS & MINING,COPPER,392.6,260.2,121.2,31.77%,45.6,4.1,82.6,21.9,60.7,0.6,320.5,3.3
Hindustan Petroleum Corporation Ltd.,HINDPETRO,500104,OIL & GAS,REFINERIES/PETRO-PRODUCTS,"96,093.40","87,512","8,240",8.61%,"1,247.30",590,"6,744.10","1,616","5,827",41.1,"16,645",117.3
Hindustan Unilever Ltd.,HINDUNILVR,500696,FMCG,PERSONAL PRODUCTS,"15,806","11,826","3,797",24.30%,297,88,"3,590",931,"2,656",11.3,"10,284",43.8
Hindustan Zinc Ltd.,HINDZINC,500188,METALS & MINING,ZINC,"7,014","3,652","3,139",46.22%,825,232,"2,305",576,"1,729",4.1,"8,432",20
Housing and Urban Development Corporation Ltd.,HUDCO,540530,BANKING AND FINANCE,HOUSING FINANCE,"1,880.80",82.7,"1,809.60",97.04%,2.4,"1,216.80",606.4,154.7,451.6,2.3,"1,790.70",8.9
ITC Ltd.,ITC,500875,FOOD BEVERAGES & TOBACCO,CIGARETTES-TOBACCO PRODUCTS,"18,439.30","11,320.20","6,454.20",36.31%,453,9.9,"6,656.20","1,700.30","4,898.10",3.9,"20,185.10",16.2
ICICI Bank Ltd.,ICICIBANK,532174,BANKING AND FINANCE,BANKS,"57,292.30","23,911","15,473.20",39.74%,0,"17,908","14,824.20","3,808.80","11,805.60",15.6,"41,086.80",58.7
ICICI Prudential Life Insurance Company Ltd.,ICICIPRULI,540133,BANKING AND FINANCE,LIFE INSURANCE,"17,958.10","17,612.30",-229.6,-1.32%,0,0,340.2,32.5,243.9,1.7,906.9,6.3
IDBI Bank Ltd.,IDBI,500116,BANKING AND FINANCE,BANKS,"7,063.70","1,922.30","2,175.30",36.02%,0,"2,966.10","2,396.90","1,003.70","1,385.40",1.3,"4,776.30",4.4
IDFC First Bank Ltd.,IDFCFIRSTB,539437,BANKING AND FINANCE,BANKS,"8,765.80","3,849","1,511.20",20.54%,0,"3,405.60",982.8,236,746.9,1.1,"2,911.10",4.3
IDFC Ltd.,IDFC,532659,BANKING AND FINANCE,FINANCE (INCLUDING NBFCS),36.7,6,30.6,83.56%,0,0,30.6,6.6,223.5,1.4,"4,147.10",25.9
IRB Infrastructure Developers Ltd.,IRB,532947,CEMENT AND CONSTRUCTION,ROADS & HIGHWAYS,"1,874.50",950.4,794.6,45.54%,232.7,434.6,256.9,85.8,95.7,0.2,501,0.8
ITI Ltd.,ITI,523610,TELECOMMUNICATIONS EQUIPMENT,TELECOM EQUIPMENT,256.1,299.3,-52.8,-21.42%,13.3,69.3,-125.8,0,-126,-1.3,-388.4,-4
Vodafone Idea Ltd.,IDEA,532822,TELECOM SERVICES,TELECOM SERVICES,"10,750.80","6,433.50","4,282.80",39.97%,"5,667.30","6,569","-7,919",817.7,"-8,737.90",-1.8,"-30,986.80",-6.4
India Cements Ltd.,INDIACEM,530005,CEMENT AND CONSTRUCTION,CEMENT & CEMENT PRODUCTS,"1,272.40","1,260",4.4,0.35%,55,60.4,-103,-17.4,-80.1,-2.6,-261.1,-8.4
Indiabulls Housing Finance Ltd.,IBULHSGFIN,535789,BANKING AND FINANCE,HOUSING FINANCE,"2,242.30",190.6,"1,779.20",79.88%,22.9,"1,349.80",421.6,123.6,298,6.5,"1,146",24.3
Indian Bank,INDIANB,532814,BANKING AND FINANCE,BANKS,"15,929.40","3,599.10","4,327.70",31.44%,0,"8,002.60","2,776.70",768.6,"2,068.50",16.6,"6,893.30",55.3
Indian Hotels Company Ltd.,INDHOTEL,500850,HOTELS RESTAURANTS & TOURISM,HOTELS,"1,480.90","1,078.40",354.8,24.75%,111.2,59,232.2,72.3,166.9,1.2,"1,100.30",7.7
Indian Oil Corporation Ltd.,IOC,530965,OIL & GAS,OIL MARKETING & DISTRIBUTION,"179,752.10","156,013.10","23,328.40",13.01%,"3,609.60","2,135","18,090.20","4,699.70","13,114.30",9.5,"38,614.30",27.3
Indian Overseas Bank,IOB,532388,BANKING AND FINANCE,BANKS,"6,941.50","1,785.10","1,679.80",28.84%,0,"3,476.60",635.5,8.3,627.2,0.3,"2,341.90",1.2
Indraprastha Gas Ltd.,IGL,532514,UTILITIES,UTILITIES,"3,520.20","2,801.60",656.9,18.99%,102.2,2.5,613.9,151.4,552.7,7.9,"1,806.20",25.8
IndusInd Bank Ltd.,INDUSINDBK,532187,BANKING AND FINANCE,BANKS,"13,529.70","3,449.90","3,908.70",34.75%,0,"6,171.10","2,934.90",732.9,"2,202.20",28.4,"8,333.70",107.2
Info Edge (India) Ltd.,NAUKRI,532777,SOFTWARE & SERVICES,INTERNET SOFTWARE & SERVICES,792,421.2,204.7,32.70%,25.9,8.2,382.8,68.7,205.1,15.9,-25.6,-2
InterGlobe Aviation Ltd.,INDIGO,539448,TRANSPORTATION,AIRLINES,"15,502.90","12,743.60","2,200.30",14.72%,"1,549","1,021.30",189.1,0.2,188.9,4.9,"5,621.30",145.7
Ipca Laboratories Ltd.,IPCALAB,524494,PHARMACEUTICALS & BIOTECHNOLOGY,PHARMACEUTICALS,"2,072.50","1,712.70",321.3,15.80%,90.3,44.1,225.4,87.9,145.1,5.7,492.2,19.4
J B Chemicals & Pharmaceuticals Ltd.,JBCHEPHARM,506943,PHARMACEUTICALS & BIOTECHNOLOGY,PHARMACEUTICALS,889.4,638.2,243.5,27.62%,32.2,10.4,208.7,58.1,150.6,9.7,486.6,31.4
JK Cement Ltd.,JKCEMENT,532644,CEMENT AND CONSTRUCTION,CEMENT & CEMENT PRODUCTS,"2,782.10","2,285.80",467,16.96%,137.1,115,244.2,65.7,178.1,23.1,444,57.5
JK Lakshmi Cement Ltd.,JKLAKSHMI,500380,CEMENT AND CONSTRUCTION,CEMENT & CEMENT PRODUCTS,"1,588.50","1,357.30",217.3,13.80%,56.6,33.6,141,45.1,92.7,7.9,357.6,30.4
JM Financial Ltd.,JMFINANCIL,523405,DIVERSIFIED,HOLDING COMPANIES,"1,214",407.9,662.6,55.34%,13.2,388.1,277.9,72.4,194.9,2,608.1,6.4
JSW Energy Ltd.,JSWENERGY,533148,UTILITIES,ELECTRIC UTILITIES,"3,387.40","1,379","1,880.40",57.69%,408.7,513.7,"1,085.90",235.1,850.2,5.2,"1,591.70",9.7
JSW Steel Ltd.,JSWSTEEL,500228,METALS & MINING,IRON & STEEL/INTERM.PRODUCTS,"44,821","36,698","7,886",17.69%,"2,019","2,084","4,609","1,812","2,760",11.4,"9,252",38.1
Jindal Stainless Ltd.,JSL,532508,METALS & MINING,IRON & STEEL/INTERM.PRODUCTS,"9,829","8,566.50","1,230.60",12.56%,221.9,155.6,985.7,229.1,774.3,9.4,"2,600.20",31.6
Jindal Steel & Power Ltd.,JINDALSTEL,532286,METALS & MINING,IRON & STEEL/INTERM.PRODUCTS,"12,282","9,964.50","2,285.70",18.66%,603.7,329.4,"1,384.50",-5.8,"1,387.80",13.8,"4,056",40.4
Jubilant Foodworks Ltd.,JUBLFOOD,533155,HOTELS RESTAURANTS & TOURISM,RESTAURANTS,"1,375.70","1,091.40",277.2,20.25%,141.9,56.8,85.5,23.3,97.2,1.5,235,3.6
Just Dial Ltd.,JUSTDIAL,535648,SOFTWARE & SERVICES,INTERNET SOFTWARE & SERVICES,318.5,211.8,48.8,18.71%,12.2,2.4,92.1,20.3,71.8,8.4,314.1,36.9
Jyothy Labs Ltd.,JYOTHYLAB,532926,FMCG,PERSONAL PRODUCTS,745.6,597,135.4,18.48%,12.3,1.2,135.1,31.1,104.2,2.8,326.9,8.9
KRBL Ltd.,KRBL,530813,FMCG,PACKAGED FOODS,"1,246.50","1,018.90",194.5,16.03%,19.9,0.8,206.8,53.6,153.3,6.5,671.4,29.3
Kajaria Ceramics Ltd.,KAJARIACER,500233,DIVERSIFIED CONSUMER SERVICES,FURNITURE-FURNISHING-PAINTS,"1,129.90",941.9,179.7,16.02%,36.1,4.3,147.7,36.6,108,6.8,397.8,25
Kalpataru Projects International Ltd.,KPIL,522287,UTILITIES,ELECTRIC UTILITIES,"4,530","4,148",370,8.19%,113,137,132,42,89,5.5,478,29.9
Kansai Nerolac Paints Ltd.,KANSAINER,500165,DIVERSIFIED CONSUMER SERVICES,FURNITURE-FURNISHING-PAINTS,"1,978.60","1,683.30",273.2,13.97%,47.4,7.6,240.3,64.8,177.2,2.2,"1,118.80",13.8
Karur Vysya Bank Ltd.,KARURVYSYA,590003,BANKING AND FINANCE,BANKS,"2,336",616.4,637.9,31.94%,0,"1,081.70",511.5,133.1,378.4,4.7,"1,364.20",17
KEC International Ltd.,KEC,532714,GENERAL INDUSTRIALS,HEAVY ELECTRICAL EQUIPMENT,"4,514.90","4,224.70",274.3,6.10%,46.5,177.8,65.8,9.9,55.8,2.2,187.9,7.3
Kotak Mahindra Bank Ltd.,KOTAKBANK,500247,BANKING AND FINANCE,BANKS,"21,559.50","9,681","6,343",46.24%,0,"5,535.50","5,888.30","1,465.50","4,461",22.4,"17,172.70",86.4
L&T Finance Holdings Ltd.,L&TFH,533519,DIVERSIFIED,HOLDING COMPANIES,"3,482.10",935.3,"1,882.40",58.57%,28.3,"1,324.90",797.4,203.2,595.1,2.4,"2,080.80",8.4
L&T Technology Services Ltd.,LTTS,540115,SOFTWARE & SERVICES,IT CONSULTING & SOFTWARE,"2,427.70","1,910.90",475.6,19.93%,68.1,12.6,436.1,120.2,315.4,29.8,"1,239.70",117.5
LIC Housing Finance Ltd.,LICHSGFIN,500253,BANKING AND FINANCE,HOUSING FINANCE,"6,765.90",250.6,"6,095.70",90.10%,13.2,"4,599.90","1,483",291.2,"1,193.50",21.7,"4,164.50",75.7
Lakshmi Machine Works Ltd.,LAXMIMACH,500252,GENERAL INDUSTRIALS,INDUSTRIAL MACHINERY,"1,355.50","1,184.50",136,10.30%,23.6,0,147.4,32.3,115.1,107.8,416,389.5
Laurus Labs Ltd.,LAURUSLABS,540222,PHARMACEUTICALS & BIOTECHNOLOGY,PHARMACEUTICALS,"1,226.20","1,036.60",187.9,15.34%,93.4,42.4,53.9,14.6,37,0.7,367.8,6.8
Lupin Ltd.,LUPIN,500257,PHARMACEUTICALS & BIOTECHNOLOGY,PHARMACEUTICALS,"5,079","4,120.80",917.8,18.21%,247.8,80.6,629.7,134.3,489.5,10.8,"1,331.20",29.2
MMTC Ltd.,MMTC,513377,COMMERCIAL SERVICES & SUPPLIES,COMMODITY TRADING  & DISTRIBUTION,-167.2,-180.1,-30.4,14.42%,0.8,1.1,12.1,1.5,52,0.3,174.1,1.2
MRF Ltd.,MRF,500290,AUTOMOBILES & AUTO COMPONENTS,AUTO TYRES & RUBBER PRODUCTS,"6,287.80","5,060.20","1,156.90",18.61%,351.5,85.5,790.6,203.9,586.7,1383.3,"1,690.90",3988
Mahanagar Gas Ltd.,MGL,539957,UTILITIES,UTILITIES,"1,772.70","1,250.10",478.9,27.70%,65.8,2.5,454.3,115.8,338.5,34.3,"1,147.80",116.2
Mahindra & Mahindra Financial Services Ltd.,M&MFIN,532720,BANKING AND FINANCE,FINANCE (INCLUDING NBFCS),"3,863.50","1,077.50","2,109.30",55.03%,67.1,"1,703.40",369.1,96,281.1,2.3,"1,982.50",16
Mahindra & Mahindra Ltd.,M&M,500520,AUTOMOBILES & AUTO COMPONENTS,CARS & UTILITY VEHICLES,"35,027.20","28,705.90","5,729.60",16.64%,"1,138.60","1,835.20","3,347.50","1,083.70","2,347.80",21.1,"11,169.40",100.2
Mahindra Holidays & Resorts India Ltd.,MHRIL,533088,HOTELS RESTAURANTS & TOURISM,HOTELS,672.2,519.3,136,20.76%,83.8,33.3,35.8,14,21.3,1.1,66,3.3
Manappuram Finance Ltd.,MANAPPURAM,531213,BANKING AND FINANCE,FINANCE (INCLUDING NBFCS),"2,174",555.6,"1,481.30",68.68%,62.5,689.4,746.7,186.1,558.4,6.6,"1,859.80",22
Mangalore Refinery And Petrochemicals Ltd.,MRPL,500109,OIL & GAS,REFINERIES/PETRO-PRODUCTS,"22,904.70","20,705.60","2,138.20",9.36%,296,311.2,"1,592",546.2,"1,051.70",6,"3,784.90",21.6
Marico Ltd.,MARICO,531642,FMCG,PERSONAL PRODUCTS,"2,514","1,979",497,20.07%,39,20,476,116,353,2.7,"1,410",10.9
Maruti Suzuki India Ltd.,MARUTI,532500,AUTOMOBILES & AUTO COMPONENTS,CARS & UTILITY VEHICLES,"37,902.10","32,282.50","4,790.30",12.92%,794.4,35.1,"4,790.10","1,083.80","3,764.30",124.6,"11,351.80",375.9
Max Financial Services Ltd.,MFSL,500271,BANKING AND FINANCE,LIFE INSURANCE,"10,189.10","10,024.60",143.9,1.42%,0.8,9.4,158.2,-12.1,147.9,4.3,506.4,14.7
UNO Minda Ltd.,UNOMINDA,532539,AUTOMOBILES & AUTO COMPONENTS,AUTO PARTS & EQUIPMENT,"3,630.20","3,219.80",401.6,11.09%,125.4,27.2,257.9,73.3,225,3.9,742.4,13
Motilal Oswal Financial Services Ltd.,MOTILALOFS,532892,BANKING AND FINANCE,OTHER FINANCIAL SERVICES,"1,650.70",724.1,904.5,55.18%,17.3,241.1,657.6,124.2,531.2,35.9,"1,449.30",97.8
MphasiS Ltd.,MPHASIS,526299,SOFTWARE & SERVICES,IT CONSULTING & SOFTWARE,"3,325.50","2,680.90",595.6,18.18%,89,34,521.7,129.7,391.9,20.8,"1,605.60",85.1
Muthoot Finance Ltd.,MUTHOOTFIN,533398,BANKING AND FINANCE,FINANCE (INCLUDING NBFCS),"3,631.90",723.4,"2,801.60",77.69%,22.2,"1,335","1,470.20",374.9,"1,059.60",26.4,"3,982.90",99.2
Natco Pharma Ltd.,NATCOPHARM,524816,PHARMACEUTICALS & BIOTECHNOLOGY,PHARMACEUTICALS,"1,060.80",573.4,458,44.41%,43.6,4.2,439.6,70.6,369,20.6,"1,127.40",63
NBCC (India) Ltd.,NBCC,534309,CEMENT AND CONSTRUCTION,CONSTRUCTION & ENGINEERING,"2,129.10","1,957.70",95.5,4.65%,1.3,0,104.6,22.9,79.6,0.4,332.2,1.8
NCC Ltd.,NCC,500294,CEMENT AND CONSTRUCTION,CONSTRUCTION & ENGINEERING,"4,746.40","4,415.90",303.7,6.44%,53.2,153.5,123.8,38.8,77.3,1.2,599.4,9.5
NHPC Ltd.,NHPC,533098,UTILITIES,ELECTRIC UTILITIES,"3,113.80","1,173.90","1,757.40",59.95%,294.9,104.8,"1,618.30",-75,"1,545.80",1.5,"3,897.80",3.9
Coforge Ltd.,COFORGE,532541,SOFTWARE & SERVICES,IT CONSULTING & SOFTWARE,"2,285.10","1,935.30",340.9,14.98%,77.2,31.9,240.7,52.8,187.9,29.6,696.2,113.2
NLC India Ltd.,NLCINDIA,513683,UTILITIES,ELECTRIC UTILITIES,"3,234","2,143",834.6,28.03%,455.1,213.9,"1,700.60",614.7,"1,084.70",7.8,"1,912.30",13.8
NTPC Ltd.,NTPC,532555,UTILITIES,ELECTRIC UTILITIES,"45,384.60","32,303.20","12,680.20",28.19%,"4,037.70","2,920.50","6,342.90","2,019.70","4,614.60",4.8,"19,125.20",19.7
Narayana Hrudayalaya Ltd.,NH,539551,DIVERSIFIED CONSUMER SERVICES,HEALTHCARE FACILITIES,"1,323.60",997.1,308.1,23.61%,55.3,22.9,248.4,21.7,226.6,11.2,737.5,36.1
National Aluminium Company Ltd.,NATIONALUM,532234,METALS & MINING,ALUMINIUM AND ALUMINIUM PRODUCTS,"3,112","2,646.90",396.5,13.03%,186.2,4,275,68.7,187.3,1,"1,272.40",6.9
Navin Fluorine International Ltd.,NAVINFLUOR,532504,CHEMICALS & PETROCHEMICALS,COMMODITY CHEMICALS,494.9,373.4,98.3,20.84%,24.2,20,77.2,16.6,60.6,12.2,365,73.7
Oberoi Realty Ltd.,OBEROIRLTY,533273,REALTY,REALTY,"1,243.80",579.2,638.2,52.42%,11.3,56.5,596.8,142.1,456.8,12.6,"1,961.30",53.9
Oil And Natural Gas Corporation Ltd.,ONGC,500312,OIL & GAS,EXPLORATION & PRODUCTION,"149,388.50","118,618.40","28,255.30",19.24%,"6,698.10","2,603.30","21,564.90","5,633.60","13,734.10",10.9,"43,072.50",34.2
Oil India Ltd.,OIL,533106,OIL & GAS,EXPLORATION & PRODUCTION,"9,200.10","5,293.30","3,523.20",39.96%,499,278.9,762,67.6,420.7,3.9,"5,874.50",54.2
Oracle Financial Services Software Ltd.,OFSS,532466,SOFTWARE & SERVICES,IT CONSULTING & SOFTWARE,"1,509.60",886.4,558.1,38.64%,19,8,596.2,178.8,417.4,48.2,"1,835.10",211.9
PI Industries Ltd.,PIIND,523642,CHEMICALS & PETROCHEMICALS,AGROCHEMICALS,"2,163.80","1,565.50",551.4,26.05%,80.3,7.8,510.2,31.7,480.5,31.7,"1,495.80",98.4
PNB Housing Finance Ltd.,PNBHOUSING,540173,BANKING AND FINANCE,HOUSING FINANCE,"1,779.40",158.8,"1,574.10",88.54%,11.3,"1,057.30",507.1,124.1,383,14.8,"1,278.70",49.3
PNC Infratech Ltd.,PNCINFRA,539150,CEMENT AND CONSTRUCTION,ROADS & HIGHWAYS,"1,932.40","1,511.60",399.8,20.92%,40.9,161.3,218.6,70.7,147.9,5.8,614.3,23.9
PVR INOX Ltd.,PVRINOX,532689,RETAILING,SPECIALTY RETAIL,"2,023.70","1,293.10",706.8,35.34%,308.6,200.3,221.7,55.5,166.3,17,-232.5,-23.7
Page Industries Ltd.,PAGEIND,532827,TEXTILES APPARELS & ACCESSORIES,OTHER APPARELS & ACCESSORIES,"1,126.80",891.6,233.5,20.76%,24.6,11.2,199.4,49.1,150.3,134.7,510.7,457.9
Persistent Systems Ltd.,PERSISTENT,533179,SOFTWARE & SERVICES,IT CONSULTING & SOFTWARE,"2,449","2,006.50",405.2,16.80%,74.4,12.3,355.8,92.5,263.3,35,981.5,127.6
Petronet LNG Ltd.,PETRONET,532522,OIL & GAS,OIL MARKETING & DISTRIBUTION,"12,686.20","11,317.90","1,214.70",9.69%,194.8,74.7,"1,098.80",283.9,855.7,5.7,"3,490.30",23.3
Pfizer Ltd.,PFIZER,500680,PHARMACEUTICALS & BIOTECHNOLOGY,PHARMACEUTICALS,611.3,392.6,182.6,31.75%,15.4,2.7,200.5,51.6,149,32.6,522.8,114.3
Phoenix Mills Ltd.,PHOENIXLTD,503100,REALTY,REALTY,906.6,361.2,506,57.82%,65.9,96.5,375.2,71.4,252.6,14.2,923.6,51.7
Pidilite Industries Ltd.,PIDILITIND,500331,CHEMICALS & PETROCHEMICALS,SPECIALTY CHEMICALS,"3,107.60","2,396.30",679.7,22.10%,75.2,13.1,623,163.1,450.1,8.8,"1,505.50",29.6
Power Finance Corporation Ltd.,PFC,532810,BANKING AND FINANCE,FINANCE (INCLUDING NBFCS),"22,403.70",315.4,"22,941.90",102.46%,12.7,"14,313.10","8,628.80","2,000.60","4,833.10",14.7,"17,946.40",54.4
Power Grid Corporation of India Ltd.,POWERGRID,532898,UTILITIES,ELECTRIC UTILITIES,"11,530.40","1,358.70","9,908.40",87.94%,"3,277","2,341.30","4,393.40",573.7,"3,781.40",4.1,"15,344.40",16.5
Prestige Estates Projects Ltd.,PRESTIGE,ASM,REALTY,REALTY,"3,256","1,643.90",592.5,26.49%,174.1,263.9,"1,174.10",256.4,850.9,21.2,"1,714",42.8
Prism Johnson Ltd.,PRSMJOHNSN,500338,CEMENT AND CONSTRUCTION,CEMENT & CEMENT PRODUCTS,"1,846","1,745.40",92.4,5.03%,95.2,43.5,210,30.4,182.7,3.6,154.2,3.1
Procter & Gamble Hygiene & Healthcare Ltd.,PGHH,500459,FMCG,PERSONAL PRODUCTS,"1,154.10",853.5,284.9,25.03%,14.3,1.9,284.5,73.8,210.7,64.9,734.4,226.3
Punjab National Bank,PNB,532461,BANKING AND FINANCE,BANKS,"29,857","6,798.10","6,239.10",23.23%,0,"16,819.80","2,778.30","1,013.80","1,990.20",1.8,"5,904.80",5.4
Quess Corp Ltd.,QUESS,539978,SOFTWARE & SERVICES,BPO/KPO,"4,763.50","4,584.80",163.6,3.44%,69.7,28.1,79.3,8.3,71.9,4.8,240.9,16.2
RBL Bank Ltd.,RBLBANK,540065,BANKING AND FINANCE,BANKS,"3,720.60","1,422.60",765.4,25.45%,0,"1,532.60",125,-206.1,331.1,5.5,"1,173.90",19.5
Radico Khaitan Ltd.,RADICO,532497,FOOD BEVERAGES & TOBACCO,BREWERIES & DISTILLERIES,925.7,803.8,121.2,13.10%,26.1,12.5,83.3,21.4,64.8,4.8,237,17.7
Rain Industries Ltd.,RAIN,500339,CHEMICALS & PETROCHEMICALS,PETROCHEMICALS,"4,208.90","3,794.30",366,8.80%,192.5,241.7,-19.5,46.2,-90.2,-2.7,270.4,8
Rajesh Exports Ltd.,RAJESHEXPO,531500,TEXTILES APPARELS & ACCESSORIES,GEMS & JEWELLERY,"38,079.40","38,015.80",50.1,0.13%,10.7,0,53,7.7,45.3,1.5,"1,142.20",38.7
Rallis India Ltd.,RALLIS,500355,CHEMICALS & PETROCHEMICALS,AGROCHEMICALS,837,699,133,15.99%,26,3,110,28,82,4.2,98.4,5.2
Rashtriya Chemicals & Fertilizers Ltd.,RCF,524230,FERTILIZERS,FERTILIZERS,"4,222.10","4,049.30",105.9,2.55%,56.1,44,72.8,21.1,51,0.9,523.6,9.5
Redington Ltd.,REDINGTON,532805,COMMERCIAL SERVICES & SUPPLIES,COMMODITY TRADING  & DISTRIBUTION,"22,296.60","21,738.70",481.4,2.17%,43.7,105.8,408.3,96.7,303.5,3.9,"1,242",15.9
Relaxo Footwears Ltd.,RELAXO,530517,RETAILING,FOOTWEAR,725.9,623.8,91.5,12.79%,36.9,4.7,60.4,16.2,44.2,1.8,193.9,7.8
Reliance Industries Ltd.,RELIANCE,500325,OIL & GAS,REFINERIES/PETRO-PRODUCTS,"238,797","193,988","40,968",17.44%,"12,585","5,731","26,493","6,673","17,394",25.7,"68,496",101.2
REC Ltd.,RECLTD,532955,BANKING AND FINANCE,FINANCE (INCLUDING NBFCS),"11,701.30",275.1,"12,180.50",104.21%,6.1,"7,349.80","4,837.60","1,047.70","3,789.90",14.4,"12,738.60",48.4
SJVN Ltd.,SJVN,533206,UTILITIES,ELECTRIC UTILITIES,951.6,172.2,706.2,80.40%,101.9,124.2,567.7,129.2,439.6,1.1,"1,016",2.6
SKF India Ltd.,SKFINDIA,500472,GENERAL INDUSTRIALS,OTHER INDUSTRIAL GOODS,"1,145.50","1,003.70",121.5,10.80%,19.3,0.5,122,31.7,90,18.2,484,97.9
SRF Ltd.,SRF,503806,CHEMICALS & PETROCHEMICALS,SPECIALTY CHEMICALS,"3,206.50","2,551.20",626.2,19.71%,161.2,79.3,414.8,114,300.8,10.2,"1,733.40",58.5
Sanofi India Ltd.,SANOFI,500674,PHARMACEUTICALS & BIOTECHNOLOGY,PHARMACEUTICALS,726.4,506.1,208.5,29.17%,9.9,0.3,210.1,57.9,152.1,66.1,596.3,259.3
Schaeffler India Ltd.,SCHAEFFLER,505790,AUTOMOBILES & AUTO COMPONENTS,AUTO PARTS & EQUIPMENT,"1,879.20","1,506.30",342,18.50%,55.6,1.6,315.7,80.7,235,15,922.6,59
Shree Cements Ltd.,SHREECEM,500387,CEMENT AND CONSTRUCTION,CEMENT & CEMENT PRODUCTS,"4,932.10","3,914.10",886,18.46%,411.7,67,539.2,92.6,446.6,123.8,"1,826.80",506.3
Shriram Finance Ltd.,SHRIRAMFIN,511218,BANKING AND FINANCE,FINANCE (INCLUDING NBFCS),"8,893","1,409.40","6,334.30",71.30%,141.4,"3,798","2,404.20",614.9,"1,786.10",47.6,"6,575.40",175.2
Siemens Ltd.,SIEMENS,500550,GENERAL INDUSTRIALS,HEAVY ELECTRICAL EQUIPMENT,"5,953.20","5,107.50",700.2,12.06%,78.6,4.9,762.2,190.5,571.3,16.1,"1,960.90",55.1
Sobha Ltd.,SOBHA,532784,REALTY,REALTY,773.6,665.8,75.4,10.18%,19.3,63.9,24.7,9.7,14.9,1.6,107.4,11.3
Solar Industries India Ltd.,SOLARINDS,532725,GENERAL INDUSTRIALS,OTHER INDUSTRIAL PRODUCTS,"1,355.20","1,011.30",336.1,24.95%,33.7,24.9,285.3,75.5,200.1,22.1,808.2,89.3
Sonata Software Ltd.,SONATSOFTW,532221,SOFTWARE & SERVICES,IT CONSULTING & SOFTWARE,"1,935.80","1,715.20",197.3,10.32%,33.3,20.7,166.5,42.3,124.2,9,475.7,34.3
State Bank of India,SBIN,500112,BANKING AND FINANCE,BANKS,"144,256.10","58,597.60","22,703.30",21.14%,0,"62,955.20","21,935.70","5,552.50","17,196.20",18,"69,304.10",77.7
Steel Authority of India (SAIL) Ltd.,SAIL,500113,METALS & MINING,IRON & STEEL/INTERM.PRODUCTS,"29,858.20","25,836.70","3,875.40",13.04%,"1,326.60",605.2,"1,674.70",464.2,"1,305.60",3.2,"3,219.50",7.8
Sun Pharma Advanced Research Company Ltd.,SPARC,532872,PHARMACEUTICALS & BIOTECHNOLOGY,PHARMACEUTICALS,29.7,112.7,-91.5,-431.87%,3.2,0.3,-86.4,0,-86.4,-2.7,-253.6,-7.8
Sun Pharmaceutical Industries Ltd.,SUNPHARMA,524715,PHARMACEUTICALS & BIOTECHNOLOGY,PHARMACEUTICALS,"12,486","9,013","3,179.40",26.08%,632.8,49.3,"2,790.90",390.1,"2,375.50",9.9,"8,548.50",35.6
Sun TV Network Ltd.,SUNTV,532733,MEDIA,BROADCASTING & CABLE TV,"1,160.20",320.6,727.8,69.42%,218.8,1.7,619.1,154.4,464.7,11.8,"1,861.80",47.2
Sundram Fasteners Ltd.,SUNDRMFAST,500403,AUTOMOBILES & AUTO COMPONENTS,AUTO PARTS & EQUIPMENT,"1,429.10","1,191.10",230.7,16.23%,54.5,7.4,176.2,43.1,131.9,6.3,502.9,23.9
Sunteck Realty Ltd.,SUNTECK,512179,REALTY,REALTY,36.2,39.1,-14.1,-56.70%,2.2,15.8,-20.9,-6.4,-13.9,-1,-46.5,-3.3
Supreme Industries Ltd.,SUPREMEIND,509930,GENERAL INDUSTRIALS,PLASTIC PRODUCTS,"2,321.40","1,952.50",356.2,15.43%,71.9,1.6,295.4,76.3,243.2,19.1,"1,028.20",80.9
Suzlon Energy Ltd.,SUZLON,ASM,GENERAL INDUSTRIALS,HEAVY ELECTRICAL EQUIPMENT,"1,428.70","1,196.40",225,15.83%,51.2,43.7,102.4,0.1,102.3,0.1,561.4,0.4
Syngene International Ltd.,SYNGENE,539268,PHARMACEUTICALS & BIOTECHNOLOGY,PHARMACEUTICALS,931.7,656,254.1,27.92%,104.6,13,150.7,34.2,116.5,2.9,498.3,12.4
TTK Prestige Ltd.,TTKPRESTIG,517506,CONSUMER DURABLES,HOUSEWARE,747.2,648.6,80.8,11.08%,15.9,3.1,79.5,20.5,59.3,4.3,224.3,16.2
TV18 Broadcast Ltd.,TV18BRDCST,532800,MEDIA,BROADCASTING & CABLE TV,"1,989","1,992.20",-198.1,-11.04%,50.1,33.8,-87.1,-6.5,-28.9,-0.2,92.2,0.5
TVS Motor Company Ltd.,TVSMOTOR,532343,AUTOMOBILES & AUTO COMPONENTS,2/3 WHEELERS,"9,983.80","8,576.90","1,355.90",13.65%,237.1,483.3,686.4,259.8,386.3,8.1,"1,457.60",30.7
Tata Consultancy Services Ltd.,TCS,532540,SOFTWARE & SERVICES,IT CONSULTING & SOFTWARE,"60,698","43,946","15,746",26.38%,"1,263",159,"15,330","3,950","11,342",31,"44,654",122
Tata Elxsi Ltd.,TATAELXSI,500408,SOFTWARE & SERVICES,IT CONSULTING & SOFTWARE,912.8,618.2,263.5,29.89%,25,5.8,263.9,63.8,200,32.1,785.1,126.1
Tata Consumer Products Ltd.,TATACONSUM,500800,FMCG,PACKAGED FOODS,"3,823.60","3,196.70",537.1,14.38%,93.9,27.6,490.9,131.7,338.2,3.6,"1,275.20",13.7
Tata Motors Limited (DVR),TATAMTRDVR,570001,AUTOMOBILES & AUTO COMPONENTS,COMMERCIAL VEHICLES,,,,,,,,,,,,
Tata Motors Ltd.,TATAMOTORS,500570,AUTOMOBILES & AUTO COMPONENTS,COMMERCIAL VEHICLES,"106,759","91,361.30","13,766.90",13.10%,"6,636.40","2,651.70","5,985.90","2,202.80","3,764",9.8,"15,332.30",40
Tata Power Company Ltd.,TATAPOWER,500400,UTILITIES,ELECTRIC UTILITIES,"16,029.50","12,647","3,091",19.64%,925.9,"1,181.80",979.2,213.3,875.5,2.7,"3,570.80",11.2
Tata Steel Ltd.,TATASTEEL,500470,METALS & MINING,IRON & STEEL/INTERM.PRODUCTS,"55,910.20","51,414.10","4,267.80",7.66%,"2,479.80","1,959.40","-6,842.10",-228,"-6,196.20",-5.1,"-6,081.30",-5
Tech Mahindra Ltd.,TECHM,532755,SOFTWARE & SERVICES,IT CONSULTING & SOFTWARE,"13,128.10","11,941.10",922.8,7.17%,465.7,97.5,623.8,110,493.9,5.6,"3,600.70",40.9
The Ramco Cements Ltd.,RAMCOCEM,500260,CEMENT AND CONSTRUCTION,CEMENT & CEMENT PRODUCTS,"2,352.10","1,935",405.6,17.33%,162.8,116.5,137.8,37,72,3.1,348.9,14.8
Thermax Ltd.,THERMAX,500411,GENERAL INDUSTRIALS,HEAVY ELECTRICAL EQUIPMENT,"2,368.30","2,097.80",204.6,8.89%,33,19.8,217.7,58.9,157.7,14,498.8,44.3
Timken India Ltd.,TIMKEN,522113,GENERAL INDUSTRIALS,OTHER INDUSTRIAL PRODUCTS,692.1,546.5,135.5,19.87%,21.1,0.9,123.6,30.6,93,12.4,358.3,47.6
Titan Company Ltd.,TITAN,500114,TEXTILES APPARELS & ACCESSORIES,GEMS & JEWELLERY,"12,653","11,118","1,411",11.26%,144,140,"1,251",336,915,10.3,"3,302",37.1
Torrent Pharmaceuticals Ltd.,TORNTPHARM,500420,PHARMACEUTICALS & BIOTECHNOLOGY,PHARMACEUTICALS,"2,686","1,835",825,31.02%,201,91,559,173,386,11.4,"1,334",39.4
Torrent Power Ltd.,TORNTPOWER,532779,UTILITIES,ELECTRIC UTILITIES,"7,069.10","5,739.50","1,221.40",17.55%,341.7,247.2,740.7,198.1,525.9,10.9,"2,176.80",45.3
Trent Ltd.,TRENT,500251,RETAILING,DEPARTMENT STORES,"3,062.50","2,525.80",456.6,15.31%,152.2,95.5,288.9,86.3,234.7,6.6,629.4,17.7
Trident Ltd.,TRIDENT,521064,TEXTILES APPARELS & ACCESSORIES,TEXTILES,"1,812","1,557.30",240.3,13.37%,89.4,35,130.4,40.1,90.7,0.2,458.1,0.9
UPL Ltd.,UPL,512070,CHEMICALS & PETROCHEMICALS,AGROCHEMICALS,"10,275","8,807","1,325",13.03%,657,871,-185,-96,-189,-2.5,"1,856",24.7
UltraTech Cement Ltd.,ULTRACEMCO,532538,CEMENT AND CONSTRUCTION,CEMENT & CEMENT PRODUCTS,"16,179.30","13,461.20","2,550.90",15.93%,797.8,233.9,"1,686.20",409.4,"1,281.50",44.5,"5,694.10",197.2
Union Bank of India,UNIONBANK,532477,BANKING AND FINANCE,BANKS,"28,952.50","6,189.30","7,265",29.38%,0,"15,498.20","5,492.30","1,944","3,571.80",5.1,"11,918.90",16.1
United Breweries Ltd.,UBL,532478,FOOD BEVERAGES & TOBACCO,BREWERIES & DISTILLERIES,"1,902.10","1,705.80",184.3,9.75%,50.9,1.4,144,36.9,107.3,4.1,251.3,9.5
United Spirits Ltd.,MCDOWELL-N,532432,FOOD BEVERAGES & TOBACCO,BREWERIES & DISTILLERIES,"6,776.60","6,269.80",466.7,6.93%,65.3,26.2,446,106.3,339.3,4.8,"1,133",15.6
V-Guard Industries Ltd.,VGUARD,532953,CONSUMER DURABLES,OTHER ELECTRICAL EQUIPMENT/PRODUCTS,"1,147.90","1,041.30",92.5,8.16%,19.8,9.3,77.5,18.6,59,1.4,215.2,5
Vardhman Textiles Ltd.,VTL,502986,TEXTILES APPARELS & ACCESSORIES,TEXTILES,"2,487","2,192.10",205.4,8.57%,103.7,22,169.2,41.7,134.3,4.7,531.9,18.7
Varun Beverages Ltd.,VBL,540180,FOOD BEVERAGES & TOBACCO,NON-ALCOHOLIC BEVERAGES,"3,889","2,988.40",882.1,22.79%,170.8,62.5,667.3,152.9,501.1,3.9,"1,998.70",15.4
Vinati Organics Ltd.,VINATIORGA,524200,CHEMICALS & PETROCHEMICALS,SPECIALTY CHEMICALS,464.4,337.3,110.8,24.73%,13.7,0.3,113,28.9,84.2,8.2,408.2,39.7
Voltas Ltd.,VOLTAS,500575,CONSUMER DURABLES,CONSUMER ELECTRONICS,"2,363.70","2,222.50",70.3,3.06%,11.7,11.4,118.1,49.3,36.7,1.1,199.5,6
ZF Commercial Vehicle Control Systems India Ltd.,ZFCVINDIA,533023,AUTOMOBILES & AUTO COMPONENTS,AUTO PARTS & EQUIPMENT,"1,015.80",846.2,145.5,14.67%,27.1,1.3,141.2,35.5,105.7,55.7,392,206.7
Welspun Corp Ltd.,WELCORP,ASM,METALS & MINING,IRON & STEEL PRODUCTS,"4,161.40","3,659.90",399.5,9.84%,85.7,75,340.8,79,384.7,14.7,809.2,30.9
Welspun Living Ltd.,WELSPUNLIV,514162,TEXTILES APPARELS & ACCESSORIES,TEXTILES,"2,542.40","2,151.10",358,14.27%,98.5,33.8,258.9,58.7,196.7,2,526.1,5.4
Whirlpool of India Ltd.,WHIRLPOOL,500238,CONSUMER DURABLES,CONSUMER ELECTRONICS,"1,555.50","1,448.40",73.2,4.81%,49.2,5.6,52.3,14.1,36.6,2.9,198.8,15.7
Wipro Ltd.,WIPRO,507685,SOFTWARE & SERVICES,IT CONSULTING & SOFTWARE,"23,255.70","18,543.20","3,972.70",17.64%,897,303.3,"3,512.20",841.9,"2,646.30",5.1,"11,643.80",22.3
Zee Entertainment Enterprises Ltd.,ZEEL,505537,MEDIA,BROADCASTING & CABLE TV,"2,509.60","2,105",332.8,13.65%,77.2,23.4,184.2,54.4,123,1.3,-102.2,-1.1
eClerx Services Ltd.,ECLERX,532927,SOFTWARE & SERVICES,BPO/KPO,735.9,517,204.7,28.37%,30.3,6.1,182.4,46.3,136,28.2,506,105
Sterlite Technologies Ltd.,STLTECH,532374,TELECOMMUNICATIONS EQUIPMENT,TELECOM CABLES,"1,497","1,281",213,14.26%,85,95,36,12,34,0.9,203,5.1
HEG Ltd.,HEG,509631,GENERAL INDUSTRIALS,OTHER INDUSTRIAL GOODS,642.2,512.3,101.9,16.58%,38.5,8.5,82.9,21.7,96,24.9,439.5,113.9
SBI Life Insurance Company Ltd.,SBILIFE,540719,BANKING AND FINANCE,LIFE INSURANCE,"28,816.20","28,183.80",609.9,2.12%,0,0,621.5,43.9,380.2,3.8,"1,842.20",18.4
General Insurance Corporation of India,GICRE,540755,BANKING AND FINANCE,GENERAL INSURANCE,"13,465.90","11,574","1,464.60",11.20%,0,0,"1,855.40",243.7,"1,689",15.2,"6,628",37.8
Tube Investments of India Ltd.,TIINDIA,540762,AUTOMOBILES & AUTO COMPONENTS,AUTO PARTS & EQUIPMENT,"2,005.40","1,718.20",251.4,12.76%,34.6,7.7,244.8,63.4,181.4,9.4,717.5,37.1
Honeywell Automation India Ltd.,HONAUT,517174,CONSUMER DURABLES,OTHER ELECTRICAL EQUIPMENT/PRODUCTS,"1,144.30",965.9,138.3,12.52%,13.8,0.7,163.9,42,121.9,137.8,443.4,503.9
Indian Energy Exchange Ltd.,IEX,540750,BANKING AND FINANCE,EXCHANGE,133,16.6,92,84.73%,5.1,0.7,110.6,27.9,86.5,1,327.8,3.7
ICICI Lombard General Insurance Company Ltd.,ICICIGI,540716,BANKING AND FINANCE,GENERAL INSURANCE,"5,271.10","4,612.40",743.5,14.16%,0,0,763.6,186.4,577.3,11.8,"1,757.10",35.8
Aster DM Healthcare Ltd.,ASTERDM,540975,DIVERSIFIED CONSUMER SERVICES,HEALTHCARE FACILITIES,"3,325.20","2,939.40",377.3,11.38%,227.2,101.9,2.1,10.2,-30.8,-0.6,284.3,5.7
Central Depository Services (India) Ltd.,CDSL,CDSL,OTHERS,INVESTMENT COMPANIES,230.1,77.9,129.4,62.40%,6.5,0,145.6,35.8,108.9,10.4,320.2,30.6
Graphite India Ltd.,GRAPHITE,509488,GENERAL INDUSTRIALS,OTHER INDUSTRIAL GOODS,884,823,-30,-3.78%,19,4,992,190,804,41.1,856,43.9
Grasim Industries Ltd.,GRASIM,500300,CEMENT AND CONSTRUCTION,CEMENT & CEMENT PRODUCTS,"30,505.30","25,995.90","4,224.80",13.98%,"1,245.20",397.8,"2,866.40",837.7,"1,163.80",17.7,"6,624.90",100.6
KNR Constructions Ltd.,KNRCON,532942,CEMENT AND CONSTRUCTION,CONSTRUCTION & ENGINEERING,"1,043.80",806.9,231.6,22.30%,39.2,20.6,177.1,34.6,147.4,5.2,537.5,19.1
Aditya Birla Capital Ltd.,ABCAPITAL,540691,DIVERSIFIED,HOLDING COMPANIES,"7,730.40","4,550.10","2,821.90",36.55%,48,"1,827",956.8,284.1,705,2.7,"5,231.90",20.1
Dixon Technologies (India) Ltd.,DIXON,540699,CONSUMER DURABLES,CONSUMER ELECTRONICS,"4,943.90","4,744.30",198.9,4.02%,36.4,17.1,146.1,35.2,107.3,19,308.7,51.8
Cholamandalam Financial Holdings Ltd.,CHOLAHLDNG,504973,DIVERSIFIED,HOLDING COMPANIES,"6,372.20","2,495.10","3,404.80",54.05%,52.1,"2,209.40","1,215.80",324.6,420.9,22.4,"1,532.30",81.6
Cochin Shipyard Ltd.,COCHINSHIP,540678,TRANSPORTATION,MARINE PORT & SERVICES,"1,100.40",820.5,191.2,18.90%,18.9,9.6,251.4,69.9,181.5,13.8,429.9,32.7
Bharat Dynamics Ltd.,BDL,541143,GENERAL INDUSTRIALS,DEFENCE,694.1,481.8,134,21.77%,17.4,0.8,194.1,47,147.1,8,425.4,23.2
Lux Industries Ltd.,LUXIND,539542,TEXTILES APPARELS & ACCESSORIES,OTHER APPARELS & ACCESSORIES,643.6,584.2,55,8.61%,5.9,5.4,48,12.1,37.1,12.3,103.1,32.9
Zensar Technologies Ltd.,ZENSARTECH,504067,SOFTWARE & SERVICES,IT CONSULTING & SOFTWARE,"1,277.10","1,009.90",230.9,18.61%,36.6,5.7,224.9,51,173.9,7.7,525.8,23.2
PCBL Ltd.,PCBL,506590,CHEMICALS & PETROCHEMICALS,CARBON BLACK,"1,489.40","1,248.60",238.1,16.02%,48.2,21,171.6,48.8,122.6,3.2,431.6,11.4
Zydus Wellness Ltd.,ZYDUSWELL,531335,FMCG,PACKAGED FOODS,444,423.1,16.8,3.82%,5.8,6.5,8.6,2.7,5.9,0.9,281.2,44.2
Linde India Ltd.,LINDEINDIA,523457,GENERAL INDUSTRIALS,INDUSTRIAL GASES,729.9,537.7,173.6,24.41%,49.7,1.2,141.3,34.6,108.7,12.8,417.9,49
FDC Ltd.,FDC,531599,PHARMACEUTICALS & BIOTECHNOLOGY,PHARMACEUTICALS,513.6,409.9,76.4,15.71%,9.9,1.1,92.7,22.9,69.8,4.2,251.2,15.4
The New India Assurance Company Ltd.,NIACL,540769,BANKING AND FINANCE,GENERAL INSURANCE,"10,571","10,773.40",-246.5,-2.33%,0,0,-242,-46.7,-176.1,-1.1,947,5.7
Sundaram Finance Ltd.,SUNDARMFIN,590071,BANKING AND FINANCE,FINANCE (INCLUDING NBFCS),"1,710.60",322.5,"1,332.10",77.98%,43.6,820.3,470.6,142.8,365.4,33.2,"1,506.70",135.6
TeamLease Services Ltd.,TEAMLEASE,539658,COMMERCIAL SERVICES & SUPPLIES,MISC. COMMERCIAL SERVICES,"2,285.60","2,240.80",31.8,1.40%,12.9,2.5,29.4,1.8,27.3,16.3,106.6,63.5
Galaxy Surfactants Ltd.,GALAXYSURF,540935,CHEMICALS & PETROCHEMICALS,SPECIALTY CHEMICALS,985.8,858.2,124.9,12.70%,24.7,5.4,97.5,20.1,77.4,21.8,349.3,98.5
Bandhan Bank Ltd.,BANDHANBNK,541153,BANKING AND FINANCE,BANKS,"5,032.20","1,400.20","1,583.40",35.25%,0,"2,048.60",947.2,226.1,721.2,4.5,"2,541.10",15.8
ICICI Securities Ltd.,ISEC,541179,BANKING AND FINANCE,CAPITAL MARKETS,"1,249",433.5,810.2,64.87%,25.8,215.1,569.4,145.7,423.6,13.1,"1,238.10",38.3
V-Mart Retail Ltd.,VMART,534976,RETAILING,DEPARTMENT STORES,551.4,548.8,0.7,0.12%,53.2,35.9,-86.4,-22.3,-64.1,-32.4,-103.1,-52.1
Nippon Life India Asset Management Ltd.,NAM-INDIA,540767,BANKING AND FINANCE,ASSET MANAGEMENT COS.,475.4,156.1,241.4,60.73%,7.2,1.7,310.4,66.1,244.4,3.9,883.3,14.1
Grindwell Norton Ltd.,GRINDWELL,506076,GENERAL INDUSTRIALS,OTHER INDUSTRIAL PRODUCTS,690,536,131.4,19.69%,16.9,1.8,135.3,33.1,101.9,9.2,378.3,34.2
HDFC Life Insurance Company Ltd.,HDFCLIFE,540777,BANKING AND FINANCE,LIFE INSURANCE,"23,276.60","23,659.30",-508.1,-2.20%,0,0,-373.1,-657.5,378.2,1.8,"1,472.80",6.9
Elgi Equipments Ltd.,ELGIEQUIP,522074,GENERAL INDUSTRIALS,INDUSTRIAL MACHINERY,817.8,663.4,142.7,17.71%,18.7,6.6,129.2,38.8,91.3,2.9,401.9,12.7
Hindustan Aeronautics Ltd.,HAL,541154,GENERAL INDUSTRIALS,DEFENCE,"6,105.10","4,108.10","1,527.60",27.11%,349.6,0.3,"1,647",414.8,"1,236.70",18.5,"6,037.30",90.3
BSE Ltd.,BSE,BSE,BANKING AND FINANCE,EXCHANGE,367,172.8,189.2,52.26%,22.7,8.5,163,63.6,120.5,8.8,706,52.1
Rites Ltd.,RITES,541556,CEMENT AND CONSTRUCTION,CONSTRUCTION & ENGINEERING,608.8,444.5,137.8,23.67%,14.1,1.4,148.8,40.1,101.2,4.2,488.1,20.3
Fortis Healthcare Ltd.,FORTIS,532843,DIVERSIFIED CONSUMER SERVICES,HEALTHCARE FACILITIES,"1,783.50","1,439.80",330.2,18.65%,84.1,31.8,231.4,48.8,173.7,2.3,547.6,7.3
Varroc Engineering Ltd.,VARROC,541578,AUTOMOBILES & AUTO COMPONENTS,AUTO PARTS & EQUIPMENT,"1,893.50","1,692.60",194.3,10.30%,84.9,50.3,65.9,18.2,54.2,3.5,146.5,9.6
Adani Green Energy Ltd.,ADANIGREEN,ASM,UTILITIES,ELECTRIC UTILITIES,"2,589",521,"1,699",76.53%,474,"1,165",413,119,372,2.2,"1,305",8.2
VIP Industries Ltd.,VIPIND,507880,TEXTILES APPARELS & ACCESSORIES,OTHER APPARELS & ACCESSORIES,548.7,493.2,52.9,9.68%,23.8,12.4,19.3,6,13.3,0.9,110.9,7.8
CreditAccess Grameen Ltd.,CREDITACC,541770,BANKING AND FINANCE,FINANCE (INCLUDING NBFCS),"1,247.60",248.8,902.3,72.36%,12.3,423.9,466.8,119.7,347,21.8,"1,204.20",75.7
CESC Ltd.,CESC,500084,UTILITIES,ELECTRIC UTILITIES,"4,414","3,706",646,14.84%,303,305,461,98,348,2.6,"1,447",10.9
Jamna Auto Industries Ltd.,JAMNAAUTO,520051,AUTOMOBILES & AUTO COMPONENTS,AUTO PARTS & EQUIPMENT,608.7,528.2,79.1,13.03%,10.9,0.8,68.7,18.6,50.1,2.4,189.3,4.7
Suprajit Engineering Ltd.,SUPRAJIT,532509,AUTOMOBILES & AUTO COMPONENTS,AUTO PARTS & EQUIPMENT,727.6,639.1,69.8,9.85%,25.7,13.6,49.2,14.5,34.8,2.5,146.9,10.6
JK Paper Ltd.,JKPAPER,532162,COMMERCIAL SERVICES & SUPPLIES,PAPER & PAPER PRODUCTS,"1,708.80","1,242.80",407.3,24.68%,83.5,42,340.6,34.9,302.4,17.9,"1,220.60",72.1
Bank of Maharashtra,MAHABANK,532525,BANKING AND FINANCE,BANKS,"5,735.50","1,179.40","1,920.50",37.90%,0,"2,635.70",935.7,16,919.8,1.3,"3,420.80",4.8
Aavas Financiers Ltd.,AAVAS,541988,BANKING AND FINANCE,HOUSING FINANCE,497.6,123.5,367.8,74.03%,7.6,203.6,157.4,35.7,121.7,15.4,465.4,58.8
HDFC Asset Management Company Ltd.,HDFCAMC,541729,BANKING AND FINANCE,ASSET MANAGEMENT COS.,765.4,162,481.1,74.81%,13,2.3,588.1,151.6,436.5,20.4,"1,659.30",77.7
KEI Industries Ltd.,KEI,517569,CONSUMER DURABLES,OTHER ELECTRICAL EQUIPMENT/PRODUCTS,"1,954.20","1,742.70",203.9,10.47%,15.6,7.5,188.4,48.2,140.2,15.5,528.3,58.5
Orient Electric Ltd.,ORIENTELEC,541301,CONSUMER DURABLES,CONSUMER ELECTRONICS,570.3,546.2,20.7,3.65%,14.2,5.2,23.4,4.9,18.4,0.9,95.3,4.5
Deepak Nitrite Ltd.,DEEPAKNTR,506401,CHEMICALS & PETROCHEMICALS,COMMODITY CHEMICALS,"1,795.10","1,475.80",302.3,17.00%,39.4,2.7,277.2,72.1,205.1,15,797.9,58.5
Fine Organic Industries Ltd.,FINEORG,541557,CHEMICALS & PETROCHEMICALS,SPECIALTY CHEMICALS,557.6,409.4,131.1,24.25%,14.4,0.7,133.1,28.9,103.4,33.7,458.8,149.6
LTIMindtree Ltd.,LTIM,540005,SOFTWARE & SERVICES,IT CONSULTING & SOFTWARE,"9,048.60","7,274.10","1,631.30",18.32%,208.2,47,"1,519.30",357,"1,161.80",39.3,"4,427.50",149.6
Dalmia Bharat Ltd.,DALBHARAT,542216,CEMENT AND CONSTRUCTION,CEMENT & CEMENT PRODUCTS,"3,234","2,560",589,18.70%,401,101,172,48,118,6.3,"1,041",54.8
Godfrey Phillips India Ltd.,GODFRYPHLP,500163,FOOD BEVERAGES & TOBACCO,CIGARETTES-TOBACCO PRODUCTS,"1,412.50","1,151",223.6,16.27%,36.5,6.6,218.5,55.5,202.1,38.9,802.9,154.4
Vaibhav Global Ltd.,VAIBHAVGBL,532156,TEXTILES APPARELS & ACCESSORIES,OTHER APPARELS & ACCESSORIES,708.4,641.5,63.5,9.01%,22.6,2.9,41.4,12.4,29.4,1.8,121.3,7.3
Abbott India Ltd.,ABBOTINDIA,500488,PHARMACEUTICALS & BIOTECHNOLOGY,PHARMACEUTICALS,"1,549.70","1,113.30",380.9,25.49%,17.8,3.1,415.4,102.5,312.9,147.3,"1,081.40",508.9
Adani Total Gas Ltd.,ATGL,ASM,UTILITIES,UTILITIES,"1,104.80",815.7,279.9,25.55%,37.6,27.3,224.2,57.2,172.7,1.6,571,5.2
Nestle India Ltd.,NESTLEIND,500790,FMCG,PACKAGED FOODS,"5,070.10","3,811.90","1,224.90",24.32%,111.2,31.4,"1,222",313.9,908.1,94.2,"2,971.10",308.2
Bayer Cropscience Ltd.,BAYERCROP,506285,CHEMICALS & PETROCHEMICALS,AGROCHEMICALS,"1,633.30","1,312.30",304.9,18.85%,11.6,3.7,305.7,82.8,222.9,49.6,844.4,188.1
Amber Enterprises India Ltd.,AMBER,540902,CONSUMER DURABLES,CONSUMER ELECTRONICS,939.8,867.5,59.6,6.43%,45.2,36.6,-9.5,-3.8,-6.9,-2.1,156.8,46.5
Rail Vikas Nigam Ltd.,RVNL,542649,CEMENT AND CONSTRUCTION,CONSTRUCTION & ENGINEERING,"5,210.30","4,616",298.3,6.07%,6.2,132.7,455.4,85.2,394.3,1.9,"1,478.80",7.1
Metropolis Healthcare Ltd.,METROPOLIS,542650,DIVERSIFIED CONSUMER SERVICES,HEALTHCARE SERVICES,309.7,233.7,74.8,24.25%,22.2,5.7,48.1,12.5,35.5,6.9,133.4,26
Polycab India Ltd.,POLYCAB,542652,CONSUMER DURABLES,OTHER ELECTRICAL EQUIPMENT/PRODUCTS,"4,253","3,608.80",608.9,14.44%,60.3,26.8,557.2,127.4,425.6,28.4,"1,607.20",107.1
Multi Commodity Exchange of India Ltd.,MCX,534091,BANKING AND FINANCE,EXCHANGE,184,193.8,-28.7,-17.38%,6.6,0.1,-16.4,1.6,-19.1,-3.7,44.8,8.8
IIFL Finance Ltd.,IIFL,532636,BANKING AND FINANCE,OTHER FINANCIAL SERVICES,"2,533.70",788.3,"1,600.80",64.66%,43.3,932.1,683.5,158,474.3,12.4,"1,690.70",44.4
Ratnamani Metals & Tubes Ltd.,RATNAMANI,520111,METALS & MINING,IRON & STEEL/INTERM.PRODUCTS,"1,141.90",886.3,244.9,21.65%,23.6,10.8,221.1,56.8,163.9,23.4,622.6,88.8
RHI Magnesita India Ltd.,RHIM,534076,GENERAL INDUSTRIALS,OTHER INDUSTRIAL GOODS,989.7,839,147.9,14.98%,44.2,8.5,97.9,26.3,71.3,3.5,-502.2,-24.3
Birlasoft Ltd.,BSOFT,532400,SOFTWARE & SERVICES,IT CONSULTING & SOFTWARE,"1,325.40","1,102.70",207.1,15.81%,21.5,5.7,195.5,50.4,145.1,5.2,378.4,13.7
EIH Ltd.,EIHOTEL,500840,HOTELS RESTAURANTS & TOURISM,HOTELS,552.5,387.6,142.9,26.94%,33.2,5.6,126.1,36.2,93.1,1.5,424.1,6.8
Affle (India) Ltd.,AFFLE,542752,SOFTWARE & SERVICES,INTERNET SOFTWARE & SERVICES,441.2,344.1,87.2,20.22%,18.4,5.5,73.2,6.4,66.8,5,264.3,19.8
Westlife Foodworld Ltd.,WESTLIFE,505533,HOTELS RESTAURANTS & TOURISM,RESTAURANTS,618,516.5,98.2,15.98%,43.9,27.4,30.2,7.8,22.4,1.4,107.7,6.9
IndiaMART InterMESH Ltd.,INDIAMART,542726,SOFTWARE & SERVICES,INTERNET SOFTWARE & SERVICES,329.3,214.7,80,27.15%,8,2.3,104.3,23.9,69.4,11.4,321.1,53.6
Infosys Ltd.,INFY,500209,SOFTWARE & SERVICES,IT CONSULTING & SOFTWARE,"39,626","29,554","9,440",24.21%,"1,166",138,"8,768","2,553","6,212",15,"24,871",60.1
Sterling and Wilson Renewable Energy Ltd.,SWSOLAR,542760,COMMERCIAL SERVICES & SUPPLIES,CONSULTING SERVICES,776.7,758,1.5,0.19%,4.3,64.3,-50,4.6,-54.2,-2.9,-668.4,-35.2
ABB India Ltd.,ABB,500002,GENERAL INDUSTRIALS,HEAVY ELECTRICAL EQUIPMENT,"2,846","2,330.70",438.5,15.84%,30.3,0.9,484.2,122.2,362.9,17.1,"1,208.70",57
Poly Medicure Ltd.,POLYMED,531768,HEALTHCARE EQUIPMENT & SUPPLIES,HEALTHCARE SUPPLIES,351.4,253.1,84.2,24.97%,16,2.2,80.9,18.8,62.2,6.5,233.7,24.4
GMM Pfaudler Ltd.,GMMPFAUDLR,505255,GENERAL INDUSTRIALS,INDUSTRIAL MACHINERY,946,795.5,142,15.15%,32.2,21.5,96.8,26.5,71.1,15.8,183.2,40.8
Gujarat Fluorochemicals Ltd.,FLUOROCHEM,542812,CHEMICALS & PETROCHEMICALS,SPECIALTY CHEMICALS,960.3,783.7,163.1,17.23%,67.5,34.2,74.8,22.1,52.7,4.8,915.2,83.3
360 One Wam Ltd.,360ONE,542772,BANKING AND FINANCE,OTHER FINANCIAL SERVICES,617.1,235.6,317.8,57.31%,13.7,139.9,226.8,40.8,186,5.2,696.8,19.5
Tata Communications Ltd.,TATACOMM,500483,TELECOM SERVICES,OTHER TELECOM SERVICES,"4,897.90","3,857.10","1,015.50",20.84%,605.1,137.4,298.3,77.9,220.7,7.7,"1,322.30",46.4
Alkyl Amines Chemicals Ltd.,ALKYLAMINE,506767,CHEMICALS & PETROCHEMICALS,SPECIALTY CHEMICALS,354.5,303.9,48.3,13.71%,12.5,1.7,36.4,9.2,27.2,5.3,171.3,33.5
CSB Bank Ltd.,CSBBANK,542867,BANKING AND FINANCE,BANKS,835.8,317.5,174.6,25.41%,0,343.6,178,44.8,133.2,7.7,577.7,33.3
Indian Railway Catering & Tourism Corporation Ltd.,IRCTC,542830,DIVERSIFIED CONSUMER SERVICES,TRAVEL SUPPORT SERVICES,"1,042.40",628.8,366.6,36.83%,14,4.4,395.2,100.5,294.7,3.7,"1,061.20",13.3
Sumitomo Chemical India Ltd.,SUMICHEM,542920,CHEMICALS & PETROCHEMICALS,AGROCHEMICALS,928,715.5,187.9,20.80%,15.8,1.2,195.5,52,143.4,2.9,367.7,7.4
Century Textiles & Industries Ltd.,CENTURYTEX,500040,COMMERCIAL SERVICES & SUPPLIES,PAPER & PAPER PRODUCTS,"1,114.90","1,069.20",33.8,3.07%,59.2,17,-30.5,-3.3,-30.4,-2.8,117.7,10.5
SBI Cards and Payment Services Ltd.,SBICARD,543066,BANKING AND FINANCE,FINANCE (INCLUDING NBFCS),"4,221.40","2,018.80","1,327",32.47%,46.8,604.9,809.4,206.4,603,6.4,"2,302.20",24.3
Hitachi Energy India Ltd.,POWERINDIA,543187,GENERAL INDUSTRIALS,HEAVY ELECTRICAL EQUIPMENT,"1,228.20","1,162.60",65.3,5.32%,22.5,10.7,32.4,7.6,24.7,5.8,82.5,19.5
Suven Pharmaceuticals Ltd.,SUVENPHAR,543064,PHARMACEUTICALS & BIOTECHNOLOGY,PHARMACEUTICALS,250.9,133.1,98,42.40%,11.9,0.5,105.4,25.8,79.6,3.1,431.8,17
Tata Chemicals Ltd.,TATACHEM,500770,CHEMICALS & PETROCHEMICALS,COMMODITY CHEMICALS,"4,083","3,179",819,20.49%,234,145,627,120,428,16.8,"2,060",80.8
Aarti Drugs Ltd.,AARTIDRUGS,524348,PHARMACEUTICALS & BIOTECHNOLOGY,PHARMACEUTICALS,642.2,565.1,76.4,11.92%,12.6,8.2,56.3,16.7,39.6,4.3,180.2,19.6
Gujarat Ambuja Exports Ltd.,GAEL,524226,FMCG,EDIBLE OILS,"1,157.70","1,012.20",103.3,9.26%,30.5,5.9,109.1,26.3,82.8,3.6,305.1,13.3
Polyplex Corporation Ltd.,POLYPLEX,524051,COMMERCIAL SERVICES & SUPPLIES,CONTAINERS & PACKAGING,"1,595.70","1,451.50",120.6,7.67%,75.1,9.9,59.1,10.9,27.9,8.9,71.1,22.6
Chalet Hotels Ltd.,CHALET,542399,HOTELS RESTAURANTS & TOURISM,HOTELS,318.2,188.6,126,40.04%,35,50.1,44.5,8,36.4,1.8,266.7,13
Adani Enterprises Ltd.,ADANIENT,512599,COMMERCIAL SERVICES & SUPPLIES,COMMODITY TRADING  & DISTRIBUTION,"23,066","20,087.20","2,430.10",10.79%,757,"1,342.80",791,397.8,227.8,2,"2,444.30",21.4
YES Bank Ltd.,YESBANK,532648,BANKING AND FINANCE,BANKS,"7,980.60","2,377.10",810,12.06%,0,"4,793.60",304.4,75.7,228.6,0.1,836.6,0.3
EPL Ltd.,EPL,500135,COMMERCIAL SERVICES & SUPPLIES,CONTAINERS & PACKAGING,"1,011.20",820.6,181,18.07%,83.6,30.6,76.4,25.4,50.5,1.6,251.9,7.9
Network18 Media & Investments Ltd.,NETWORK18,532798,MEDIA,BROADCASTING & CABLE TV,"2,052.20","2,083.80",-218.3,-11.70%,56.8,66.2,-154.5,-6.5,-61,-0.6,-144.2,-1.4
CIE Automotive India Ltd.,CIEINDIA,532756,AUTOMOBILES & AUTO COMPONENTS,AUTO PARTS & EQUIPMENT,"2,299.40","1,934",345.4,15.15%,78.3,31,256.1,69.1,375.4,9.9,298.4,7.9
Vedanta Ltd.,VEDL,500295,METALS & MINING,ALUMINIUM AND ALUMINIUM PRODUCTS,"39,585","27,466","11,479",29.47%,"2,642","2,523","8,177","9,092","-1,783",-4.8,"5,202",14
Rossari Biotech Ltd.,ROSSARI,543213,CHEMICALS & PETROCHEMICALS,SPECIALTY CHEMICALS,484.8,419.9,63.6,13.15%,15.1,5,44.8,11.9,32.9,6,116.8,21.2
KPIT Technologies Ltd.,KPITTECH,542651,SOFTWARE & SERVICES,IT CONSULTING & SOFTWARE,"1,208.60",959.2,239.9,20.01%,48.1,13.6,187.7,46.3,140.9,5.2,486.9,18
Intellect Design Arena Ltd.,INTELLECT,538835,SOFTWARE & SERVICES,IT SOFTWARE PRODUCTS,631.7,497.2,121.9,19.69%,33.7,0.8,96.5,25.7,70.4,5.2,316.6,23.2
Balaji Amines Ltd.,BALAMINES,530999,CHEMICALS & PETROCHEMICALS,SPECIALTY CHEMICALS,387.3,326.8,53.8,14.13%,10.8,1.8,48,11.6,34.7,10.7,197.3,60.9
UTI Asset Management Company Ltd.,UTIAMC,543238,BANKING AND FINANCE,ASSET MANAGEMENT COS.,405.6,172.5,231.5,57.30%,10.4,2.8,219.8,37,182.8,14.4,562.9,44.3
Mazagon Dock Shipbuilders Ltd.,MAZDOCK,543237,TRANSPORTATION,SHIPPING,"2,079.20","1,651.10",176.6,9.66%,20.2,1.3,406.6,102.8,332.9,16.5,"1,327.60",65.8
Computer Age Management Services Ltd.,CAMS,543232,BANKING AND FINANCE,CAPITAL MARKETS,284.7,153,122.1,44.39%,17.4,2,112.4,28.6,84.5,17.2,309.2,62.9
Happiest Minds Technologies Ltd.,HAPPSTMNDS,543227,SOFTWARE & SERVICES,IT CONSULTING & SOFTWARE,428.8,324,82.6,20.32%,14.6,11.2,79.1,20.7,58.5,3.9,232,15.6
Triveni Turbine Ltd.,TRITURBINE,533655,GENERAL INDUSTRIALS,HEAVY ELECTRICAL EQUIPMENT,402.3,313.4,74.3,19.17%,5.1,0.6,83.2,19,64.2,2,233.1,7.3
Angel One Ltd.,ANGELONE,ASM,BANKING AND FINANCE,CAPITAL MARKETS,"1,049.30",602.6,443.4,42.31%,11.2,26.4,407.2,102.7,304.5,36.3,"1,020.20",121.7
Tanla Platforms Ltd.,TANLA,532790,SOFTWARE & SERVICES,INTERNET SOFTWARE & SERVICES,"1,014.90",811.8,196.8,19.51%,22.6,1.8,178.7,36.2,142.5,10.6,514.7,38.3
Max Healthcare Institute Ltd.,MAXHEALTH,543220,DIVERSIFIED CONSUMER SERVICES,HEALTHCARE FACILITIES,"1,408.60",975.8,387.4,28.42%,57.9,8.5,366.4,89.7,276.7,2.9,990.1,10.2
Asahi India Glass Ltd.,ASAHIINDIA,515030,AUTOMOBILES & AUTO COMPONENTS,AUTO PARTS & EQUIPMENT,"1,122.60",934,185.6,16.58%,43,34.4,111.3,30.2,86.9,3.6,343.5,14.1
Prince Pipes & Fittings Ltd.,PRINCEPIPE,542907,GENERAL INDUSTRIALS,PLASTIC PRODUCTS,660.4,562.3,94.2,14.35%,22.5,0.7,92.8,22.2,70.6,5.2,219.8,19.9
Route Mobile Ltd.,ROUTE,543228,SOFTWARE & SERVICES,INTERNET SOFTWARE & SERVICES,"1,018.30",886.5,128.1,12.63%,21.4,6.5,103.8,15.5,88.8,14.2,365.3,58.3
KPR Mill Ltd.,KPRMILL,532889,TEXTILES APPARELS & ACCESSORIES,TEXTILES,"1,533","1,212.90",298,19.72%,46,18.1,256,54.2,201.8,5.9,788.8,23.1
Infibeam Avenues Ltd.,INFIBEAM,539807,SOFTWARE & SERVICES,INTERNET SOFTWARE & SERVICES,792.6,719.7,70.2,8.89%,17.1,0.5,55.2,14.7,41,0.1,142.2,0.5
Restaurant Brands Asia Ltd.,RBA,543248,HOTELS RESTAURANTS & TOURISM,RESTAURANTS,628.2,568.7,56.2,9.00%,78.6,31.5,-50.7,0,-46,-0.9,-220.3,-4.5
Larsen & Toubro Ltd.,LT,500510,CEMENT AND CONSTRUCTION,CONSTRUCTION & ENGINEERING,"52,157","45,392.10","5,632",11.04%,909.9,864,"4,991.10","1,135.50","3,222.60",22.9,"12,255.30",89.2
Gland Pharma Ltd.,GLAND,543245,PHARMACEUTICALS & BIOTECHNOLOGY,PHARMACEUTICALS,"1,426.60","1,049.30",324.1,23.60%,81.3,6,289.9,95.8,194.1,11.8,698.8,42.4
Macrotech Developers Ltd.,LODHA,543287,REALTY,REALTY,"1,755.10","1,333.50",416.1,23.78%,29.3,123.1,269.2,62.4,201.9,2.1,"1,529.20",15.9
Poonawalla Fincorp Ltd.,POONAWALLA,524000,BANKING AND FINANCE,FINANCE (INCLUDING NBFCS),745.3,178.9,531.7,71.98%,14.7,215.5,"1,124.60",270,860.2,11.2,"1,466.40",19.1
The Fertilisers and Chemicals Travancore Ltd.,FACT,590024,FERTILIZERS,FERTILIZERS,"1,713.60","1,530.80",132.4,7.96%,5.3,61.2,105.2,0,105.2,1.6,508.4,7.9
Home First Finance Company India Ltd.,HOMEFIRST,543259,BANKING AND FINANCE,HOUSING FINANCE,278,53.7,211.6,77.43%,2.8,117,96.4,22.1,74.3,8.4,266.2,30.2
CG Power and Industrial Solutions Ltd.,CGPOWER,500093,GENERAL INDUSTRIALS,HEAVY ELECTRICAL EQUIPMENT,"2,019","1,692.90",308.6,15.42%,22.9,0.4,329.9,86.2,242.3,1.6,"1,100",7.2
Laxmi Organic Industries Ltd.,LXCHEM,543277,CHEMICALS & PETROCHEMICALS,SPECIALTY CHEMICALS,660.5,613.3,38.9,5.97%,27.5,2.1,17.5,6.8,10.7,0.4,100.6,3.8
Anupam Rasayan India Ltd.,ANURAS,543275,CHEMICALS & PETROCHEMICALS,AGROCHEMICALS,395.6,284.7,107.5,27.41%,19.8,20.4,70.7,22,40.7,3.8,178.9,16.6
Kalyan Jewellers India Ltd.,KALYANKJIL,ASM,TEXTILES APPARELS & ACCESSORIES,GEMS & JEWELLERY,"4,427.70","4,100.90",313.7,7.11%,66.9,81.7,178.1,43.3,135.2,1.3,497.9,4.8
Jubilant Pharmova Ltd.,JUBLPHARMA,530019,PHARMACEUTICALS & BIOTECHNOLOGY,PHARMACEUTICALS,"1,690.20","1,438.50",241.8,14.39%,96.6,66.1,89,35.9,62.5,3.9,-44.6,-2.8
Indigo Paints Ltd.,INDIGOPNTS,543258,DIVERSIFIED CONSUMER SERVICES,FURNITURE-FURNISHING-PAINTS,273.4,228.7,41.8,15.45%,10,0.5,34.3,8.2,26.1,5.5,132.4,27.8
Indian Railway Finance Corporation Ltd.,IRFC,543257,BANKING AND FINANCE,FINANCE (INCLUDING NBFCS),"6,767.50",33.5,"6,732.40",99.50%,2.1,"5,181.50","1,549.90",0,"1,549.90",1.2,"6,067.60",4.6
Mastek Ltd.,MASTEK,523704,SOFTWARE & SERVICES,IT CONSULTING & SOFTWARE,770.4,642.5,123,16.07%,20.9,12.6,90.3,25,62.8,20.5,269.7,88
Equitas Small Finance Bank Ltd.,EQUITASBNK,543243,BANKING AND FINANCE,BANKS,"1,540.40",616.8,330.2,24.30%,0,593.4,267,68.9,198.1,1.8,749.5,6.7
Tata Teleservices (Maharashtra) Ltd.,TTML,532371,TELECOM SERVICES,TELECOM SERVICES,288.6,159.3,127.5,44.45%,36.3,403.2,-310.2,0,-310.2,-1.6,"-1,168.30",-6
Praj Industries Ltd.,PRAJIND,522205,GENERAL INDUSTRIALS,INDUSTRIAL MACHINERY,893.3,798.4,84,9.52%,9.1,1,84.8,22.4,62.4,3.4,271.4,14.8
Nazara Technologies Ltd.,NAZARA,543280,SOFTWARE & SERVICES,INTERNET SOFTWARE & SERVICES,309.5,269.4,26.7,8.98%,15.1,2.7,21.2,-1.3,19.8,3,60,9.1
Jubilant Ingrevia Ltd.,JUBLINGREA,543271,CHEMICALS & PETROCHEMICALS,SPECIALTY CHEMICALS,"1,028.50",902.3,117.7,11.54%,33.9,12.5,79.8,22.4,57.5,3.6,258.9,16.4
Sona BLW Precision Forgings Ltd.,SONACOMS,543300,AUTOMOBILES & AUTO COMPONENTS,AUTO PARTS & EQUIPMENT,796.9,567.5,223.3,28.24%,53.4,6,164.1,40.1,123.8,2.1,462.8,7.9
Chemplast Sanmar Ltd.,CHEMPLASTS,543336,CHEMICALS & PETROCHEMICALS,SPECIALTY CHEMICALS,"1,025",941.8,46,4.65%,35.3,38.6,9.2,-16.8,26.1,1.6,35.3,2.2
Aptus Value Housing Finance India Ltd.,APTUS,543335,BANKING AND FINANCE,HOUSING FINANCE,344.5,50.6,277.5,83.18%,2.6,96.1,189.6,41.5,148,3,551.1,11.1
Clean Science & Technology Ltd.,CLEAN,543318,CHEMICALS & PETROCHEMICALS,SPECIALTY CHEMICALS,187.1,106.3,74.8,41.32%,11.1,0.3,69.5,17.3,52.2,4.9,275.5,25.9
Medplus Health Services Ltd.,MEDPLUS,543427,HEALTHCARE EQUIPMENT & SUPPLIES,HEALTHCARE SUPPLIES,"1,419","1,323.50",85.1,6.04%,55.5,23.5,16.4,1.9,14.6,1.2,58.3,4.9
Nuvoco Vistas Corporation Ltd.,NUVOCO,543334,CEMENT AND CONSTRUCTION,CEMENT & CEMENT PRODUCTS,"2,578.90","2,243",329.9,12.82%,225.6,139.9,-29.6,-31.1,1.5,0,141.8,4
Star Health and Allied Insurance Company Ltd.,STARHEALTH,543412,BANKING AND FINANCE,GENERAL INSURANCE,"3,463.20","3,295.80",165.7,4.79%,0,0,167.1,41.8,125.3,2.1,725.4,12.4
Go Fashion (India) Ltd.,GOCOLORS,543401,TEXTILES APPARELS & ACCESSORIES,OTHER APPARELS & ACCESSORIES,192.8,132.2,56.6,29.98%,25.8,8.9,25.8,5.7,20,3.7,85.4,15.8
PB Fintech Ltd.,POLICYBZR,543390,SOFTWARE & SERVICES,INTERNET SOFTWARE & SERVICES,909.1,900.7,-89.1,-10.98%,22.3,7.2,-21.1,-0.3,-20.2,-0.5,-127.9,-2.8
FSN E-Commerce Ventures Ltd.,NYKAA,543384,SOFTWARE & SERVICES,INTERNET & CATALOGUE RETAIL,"1,515.60","1,426.40",80.6,5.35%,54.6,21.3,13.3,4,5.8,0,19.8,0.1
Krishna Institute of Medical Sciences Ltd.,KIMS,543308,DIVERSIFIED CONSUMER SERVICES,HEALTHCARE FACILITIES,655.4,475.2,177.3,27.17%,32.6,8.9,138.6,37.3,92,11.5,342.1,42.7
Zomato Ltd.,ZOMATO,543320,SOFTWARE & SERVICES,INTERNET SOFTWARE & SERVICES,"3,060","2,895",-47,-1.65%,128,16,21,-15,36,0,-496.8,-0.6
Brightcom Group Ltd.,BCG,532368,SOFTWARE & SERVICES,INTERNET SOFTWARE & SERVICES,"1,690.50","1,172.30",518,30.65%,72.3,0.1,445.8,124.3,321.5,1.6,"1,415.20",7
Shyam Metalics and Energy Ltd.,SHYAMMETL,543299,METALS & MINING,IRON & STEEL/INTERM.PRODUCTS,"2,978.90","2,633.60",307.1,10.44%,176.5,35.4,133.4,-348.6,484.1,18.9,"1,049.90",41.2
G R Infraprojects Ltd.,GRINFRA,543317,CEMENT AND CONSTRUCTION,ROADS & HIGHWAYS,"1,909.20","1,415.70",467.1,24.81%,61.7,144.6,287.1,69.9,217.2,22.5,"1,240.30",128.3
RattanIndia Enterprises Ltd.,RTNINDIA,534597,UTILITIES,ELECTRIC UTILITIES,"1,618.10","1,392.80",1.5,0.11%,4.3,28.8,142.2,1.7,140.9,1,147.6,1.1
Borosil Renewables Ltd.,BORORENEW,502219,CONSUMER DURABLES,HOUSEWARE,406.3,369.2,32.5,8.09%,31,9.6,28.9,-1.1,25.1,1.9,32.1,2.5
HLE Glascoat Ltd.,HLEGLAS,522215,GENERAL INDUSTRIALS,INDUSTRIAL MACHINERY,227.8,198,26.5,11.79%,6.1,5.8,16.1,5.3,10,1.6,54.4,8
Tata Investment Corporation Ltd.,TATAINVEST,501301,DIVERSIFIED,HOLDING COMPANIES,125,10.1,113.8,91.88%,0.2,4.7,110.1,-1.3,124.4,24.6,326.1,64.4
Sapphire Foods India Ltd.,SAPPHIRE,543397,HOTELS RESTAURANTS & TOURISM,RESTAURANTS,650.1,527.5,115.1,17.91%,76.8,24.5,21.4,6.2,15.3,2.4,208.5,32.7
Devyani International Ltd.,DEVYANI,543330,HOTELS RESTAURANTS & TOURISM,RESTAURANTS,826,665,154.4,18.84%,86.3,41.7,19,-16.8,33.4,0.3,177.5,1.5
Vijaya Diagnostic Centre Ltd.,VIJAYA,543350,DIVERSIFIED CONSUMER SERVICES,HEALTHCARE SERVICES,145.6,81.5,57.4,41.31%,13.7,5.9,44.6,11,33.3,3.3,103.4,10.1
C.E. Info Systems Ltd.,MAPMYINDIA,543425,SOFTWARE & SERVICES,INTERNET SOFTWARE & SERVICES,99.3,50.1,41,44.98%,3.7,0.7,44.7,11.1,33,6.1,122.9,22.7
Latent View Analytics Ltd.,LATENTVIEW,543398,SOFTWARE & SERVICES,DATA PROCESSING SERVICES,172.7,124.9,30.8,19.78%,2.3,0.8,44.7,10.6,34,1.7,153.6,7.5
Metro Brands Ltd.,METROBRAND,543426,RETAILING,FOOTWEAR,571.9,400.3,155.4,27.96%,57.2,19.7,94.7,27.5,66.7,2.5,340,12.5
Easy Trip Planners Ltd.,EASEMYTRIP,543272,SOFTWARE & SERVICES,INTERNET SOFTWARE & SERVICES,144.6,76.9,64.8,45.71%,1,2,64.7,17.7,47.2,0.3,146,0.8
Shree Renuka Sugars Ltd.,RENUKA,532670,FOOD BEVERAGES & TOBACCO,SUGAR,"2,564.70","2,491",63.7,2.49%,64.1,216.8,-207.2,-1.6,-204.9,-1,-286,-1.3
One97 Communications Ltd.,PAYTM,543396,SOFTWARE & SERVICES,INTERNET SOFTWARE & SERVICES,"2,662.50","2,749.60",-231,-9.17%,180.1,7,-279.9,12.7,-290.5,-5,"-1,207.90",-19
MTAR Technologies Ltd.,MTARTECH,543270,GENERAL INDUSTRIALS,DEFENCE,167.7,130.7,36.1,21.64%,5.8,5.5,25.7,5.2,20.5,6.7,103.3,33.6
Capri Global Capital Ltd.,CGCL,531595,BANKING AND FINANCE,FINANCE (INCLUDING NBFCS),557.4,229.3,304.8,54.70%,23.1,195.8,86,20.8,65.2,3.2,231.2,11.2
GMR Airports Infrastructure Ltd.,GMRINFRA,ASM,CEMENT AND CONSTRUCTION,CONSTRUCTION & ENGINEERING,"2,185","1,336.80",726.7,35.22%,373,695.8,-252,54.9,-91,-0.1,-370.9,-0.6
Triveni Engineering & Industries Ltd.,TRIVENI,532356,FOOD BEVERAGES & TOBACCO,SUGAR,"1,629.70","1,554.50",62.9,3.89%,25.8,10.2,39.3,10.1,29.1,1.3,434.3,19.8
Delhivery Ltd.,DELHIVERY,543529,TRANSPORTATION,TRANSPORTATION - LOGISTICS,"2,043","1,957.30",-15.6,-0.80%,171.2,19.6,-105.2,-2.1,-102.9,-1.4,-546.7,-7.5
Life Insurance Corporation of India,LICI,543526,BANKING AND FINANCE,LIFE INSURANCE,"202,394.90","193,612.50","8,445",4.18%,0,0,"8,696.50","1,083.90","8,030.30",12.7,"37,204.80",58.8
Campus Activewear Ltd.,CAMPUS,543523,RETAILING,FOOTWEAR,259.1,234.2,24.5,9.46%,18.1,6.5,0.4,0.1,0.3,0,103.1,3.4
Motherson Sumi Wiring India Ltd.,MSUMI,543498,AUTOMOBILES & AUTO COMPONENTS,AUTO PARTS & EQUIPMENT,"2,110.20","1,856.50",248.1,11.79%,36.4,7.4,210,54.1,155.9,0.3,523.6,1.2
Olectra Greentech Ltd.,OLECTRA,532439,AUTOMOBILES & AUTO COMPONENTS,COMMERCIAL VEHICLES,310.3,266.6,40.5,13.20%,8.8,9.7,25.2,8,18.6,2.2,78.5,9.6
Patanjali Foods Ltd.,PATANJALI,500368,FMCG,EDIBLE OILS,"7,845.80","7,426.60",395.3,5.05%,60.1,24,335.1,80.5,254.5,7,875.2,24.2
Raymond Ltd.,RAYMOND,500330,TEXTILES APPARELS & ACCESSORIES,TEXTILES,"2,320.70","1,938.80",314.6,13.96%,65.4,89.3,204.2,50.7,159.8,24,"1,514.20",227.5
Swan Energy Ltd.,SWANENERGY,503310,REALTY,REALTY,"1,230.10",966.3,257,21.01%,27.1,58.3,178.4,12.8,84.6,6.7,308.4,11.7
Samvardhana Motherson International Ltd.,MOTHERSON,517334,AUTOMOBILES & AUTO COMPONENTS,AUTO PARTS & EQUIPMENT,"23,639.20","21,585","1,888.80",8.05%,867.4,487.9,449.5,229.2,201.6,0.3,"1,910.30",2.8
Vedant Fashions Ltd.,MANYAVAR,543463,RETAILING,SPECIALTY RETAIL,233.4,125.5,92.8,42.51%,32.5,10.7,64.8,16.1,48.7,2,399.9,16.5
Adani Wilmar Ltd.,AWL,543458,FMCG,EDIBLE OILS,"12,331.20","12,123.50",143.7,1.17%,95.7,220.2,-161.8,-31.5,-130.7,-1,130.1,1
Mahindra Lifespace Developers Ltd.,MAHLIFE,532313,REALTY,REALTY,25.7,52.7,-34.9,-196.45%,3.1,0.2,-30.3,-10.8,-18.9,-1.2,10.5,0.7
Tejas Networks Ltd.,TEJASNET,540595,TELECOM SERVICES,OTHER TELECOM SERVICES,413.9,383,13,3.28%,41.7,7,-17.7,-5.1,-12.6,-0.7,-61.3,-3.5
Aether Industries Ltd.,AETHER,543534,CHEMICALS & PETROCHEMICALS,SPECIALTY CHEMICALS,178.3,118.2,46,28.00%,9.7,1.6,48.7,12.1,36.7,2.8,139.1,10.5
JBM Auto Ltd.,JBMA,ASM,AUTOMOBILES & AUTO COMPONENTS,AUTO PARTS & EQUIPMENT,"1,238.80","1,091.30",139.7,11.35%,41.2,47.9,58.3,11.3,44.2,3.7,136.8,11.6
Deepak Fertilisers & Petrochemicals Corporation Ltd.,DEEPAKFERT,500645,CHEMICALS & PETROCHEMICALS,COMMODITY CHEMICALS,"2,443.20","2,138.10",286.1,11.80%,81.2,107.1,116.8,53.3,60.1,4.8,674.5,53.4
Sharda Cropchem Ltd.,SHARDACROP,538666,CHEMICALS & PETROCHEMICALS,AGROCHEMICALS,604.3,559.6,21.2,3.65%,74,4.6,-33.8,-6.3,-27.6,-3.1,191,21.2
Shoppers Stop Ltd.,SHOPERSTOP,532638,RETAILING,DEPARTMENT STORES,"1,049.70",878.2,160.9,15.49%,108.2,54.9,3.5,0.8,2.7,0.2,94.2,8.6
BEML Ltd.,BEML,500048,AUTOMOBILES & AUTO COMPONENTS,COMMERCIAL VEHICLES,924,855.3,61.5,6.70%,15.8,10.8,42.2,-9.6,51.8,12.4,200.8,48.2
Lemon Tree Hotels Ltd.,LEMONTREE,541233,HOTELS RESTAURANTS & TOURISM,HOTELS,230.1,125.3,101.9,44.84%,22.6,47.3,34.8,8.6,22.6,0.3,130.1,1.6
Rainbow Childrens Medicare Ltd.,RAINBOW,543524,DIVERSIFIED CONSUMER SERVICES,HEALTHCARE FACILITIES,340.5,215.1,117.6,35.34%,26.8,13.3,85.2,22.1,62.9,6.2,215.4,21.2
UCO Bank,UCOBANK,532505,BANKING AND FINANCE,BANKS,"5,865.60","1,581.50",981.9,18.81%,0,"3,302.30",639.8,238.1,403.5,0.3,"1,840",1.5
Piramal Pharma Ltd.,PPLPHARMA,543635,PHARMACEUTICALS & BIOTECHNOLOGY,PHARMACEUTICALS,"1,960.60","1,645.70",265.6,13.90%,184.5,109.9,20.4,34.5,5,0,-133.6,-1
KSB Ltd.,KSB,500249,GENERAL INDUSTRIALS,INDUSTRIAL MACHINERY,572.2,493.4,70.3,12.47%,12.3,2,64.5,17.1,50.1,14.4,209.7,60.3
Data Patterns (India) Ltd.,DATAPATTNS,543428,GENERAL INDUSTRIALS,DEFENCE,119.2,67.5,40.8,37.63%,3.1,2.3,46.3,12.5,33.8,6,148.3,26.5
Global Health Ltd.,MEDANTA,543654,DIVERSIFIED CONSUMER SERVICES,HEALTHCARE FACILITIES,864.7,631.1,212.9,25.22%,42.9,20.1,170.6,45.4,125.2,4.7,408.9,15.2
Aarti Industries Ltd.,AARTIIND,524208,CHEMICALS & PETROCHEMICALS,SPECIALTY CHEMICALS,"1,454","1,221.20",232.8,16.01%,93,58.2,81.6,-9.1,90.7,2.5,446.2,12.3
BLS International Services Ltd.,BLS,540073,DIVERSIFIED CONSUMER SERVICES,TRAVEL SUPPORT SERVICES,416.4,321,86.7,21.27%,7.3,1,87.2,5.2,78.7,1.9,267.6,6.5
Archean Chemical Industries Ltd.,ACI,543657,CHEMICALS & PETROCHEMICALS,COMMODITY CHEMICALS,301.7,195,95.5,32.86%,17.5,1.9,87.3,21.3,66,5.4,394.4,32.1
Adani Power Ltd.,ADANIPOWER,ASM,UTILITIES,ELECTRIC UTILITIES,"14,935.70","7,819.20","5,171.40",39.81%,"1,004.50",888.4,"5,223.60","-1,370.60","6,594.20",16.5,"20,604.80",53.4
Craftsman Automation Ltd.,CRAFTSMAN,543276,AUTOMOBILES & AUTO COMPONENTS,AUTO PARTS & EQUIPMENT,"1,183.80",941.6,237.5,20.14%,66.8,41.6,133.8,29.6,94.5,44.1,298.3,141.2
NMDC Ltd.,NMDC,526371,METALS & MINING,MINING,"4,335","2,823.60","1,190.40",29.66%,88.8,18.6,"1,404.10",379,"1,026.20",3.5,"5,862.20",20
Epigral Ltd.,EPIGRAL,543332,CHEMICALS & PETROCHEMICALS,SPECIALTY CHEMICALS,479.1,370.2,107.9,22.57%,31.5,21.3,56.1,17.9,38,9.1,223.4,53.8
Apar Industries Ltd.,APARINDS,532259,CONSUMER DURABLES,OTHER ELECTRICAL EQUIPMENT/PRODUCTS,"3,944.70","3,576.20",349.8,8.91%,28.2,103.1,237.3,62.9,173.9,45.4,783.9,204.8
Bikaji Foods International Ltd.,BIKAJI,543653,FMCG,PACKAGED FOODS,614.7,521,87.7,14.41%,15.6,2.9,75.2,15.4,61.2,2.5,173.6,6.9
Five-Star Business Finance Ltd.,FIVESTAR,543663,BANKING AND FINANCE,FINANCE (INCLUDING NBFCS),522.4,133.2,375,72.28%,5.7,105.9,267,67.6,199.4,6.8,703,24.1
Ingersoll-Rand (India) Ltd.,INGERRAND,500210,GENERAL INDUSTRIALS,INDUSTRIAL MACHINERY,282.8,210.7,65.7,23.76%,4.6,0.6,67,17.2,49.7,15.8,218.5,69.2
KFIN Technologies Ltd.,KFINTECH,543720,BANKING AND FINANCE,OTHER FINANCIAL SERVICES,215.3,115.3,93.7,44.82%,12.6,3.2,84.2,22.3,61.4,3.6,215.1,12.6
Piramal Enterprises Ltd.,PEL,500302,BANKING AND FINANCE,FINANCE (INCLUDING NBFCS),"2,205.20","1,320.10","1,117.90",50.97%,38.3,"1,038.90",-11.8,10.7,48.2,2,"3,906.50",173.9
NMDC Steel Ltd.,NSLNISP,543768,METALS & MINING,IRON & STEEL/INTERM.PRODUCTS,290.3,349.6,-72.2,-26.04%,74.5,40.8,-174.7,-43.6,-131.1,-0.5,,
Eris Lifesciences Ltd.,ERIS,540596,PHARMACEUTICALS & BIOTECHNOLOGY,PHARMACEUTICALS,508.8,324.2,181.1,35.85%,42.1,16.3,126.2,3.9,123.4,9.1,385.6,28.3
Mankind Pharma Ltd.,MANKIND,543904,PHARMACEUTICALS & BIOTECHNOLOGY,PHARMACEUTICALS,"2,768.10","2,025.50",682.6,25.21%,96.5,8.6,637.5,129.8,501,12.5,"1,564.80",39.1
Kaynes Technology India Ltd.,KAYNES,ASM,CONSUMER DURABLES,OTHER ELECTRICAL EQUIPMENT/PRODUCTS,369.8,312.1,48.8,13.52%,6.5,11.8,39.4,7.1,32.3,5.5,143.2,24.6
Safari Industries (India) Ltd.,SAFARI,523025,TEXTILES APPARELS & ACCESSORIES,OTHER APPARELS & ACCESSORIES,372.9,306.6,63.5,17.15%,12.2,2.2,51.9,12.1,39.8,16.7,162.3,68.2
Saregama India Ltd.,SAREGAMA,532163,MEDIA,MOVIES & ENTERTAINMENT,185.6,111.5,60.9,35.32%,8.2,0.2,65.6,17.6,48.1,2.5,193.4,10
Syrma SGS Technology Ltd.,SYRMA,543573,CONSUMER DURABLES,OTHER ELECTRICAL EQUIPMENT/PRODUCTS,720.6,662.7,49,6.88%,11.6,8,37,6.4,28.3,1.6,132.4,7.5
Jindal Saw Ltd.,JINDALSAW,ASM,GENERAL INDUSTRIALS,OTHER INDUSTRIAL PRODUCTS,"5,488.90","4,662",804.2,14.71%,142.5,188.7,495.6,139.6,375.7,11.8,"1,135.80",35.5
Godawari Power & Ispat Ltd.,GPIL,532734,METALS & MINING,IRON & STEEL/INTERM.PRODUCTS,"1,314.20",929.6,361.4,28.00%,34.8,10.2,339.6,86.1,256.9,20.6,785.5,63
Gillette India Ltd.,GILLETTE,507815,FMCG,PERSONAL PRODUCTS,676.2,530.8,136.7,20.48%,20.1,0.1,125.2,32.5,92.7,28.4,361.6,111
Symphony Ltd.,SYMPHONY,517385,CONSUMER DURABLES,CONSUMER ELECTRONICS,286,234,41,14.91%,7,2,43,8,35,5.1,114,16.5
Glenmark Life Sciences Ltd.,GLS,543322,PHARMACEUTICALS & BIOTECHNOLOGY,PHARMACEUTICALS,600.7,428.3,167.1,28.06%,13.1,0.4,158.9,40.2,118.7,9.7,505.5,41.3
Usha Martin Ltd.,USHAMART,517146,METALS & MINING,IRON & STEEL PRODUCTS,806,640.4,144.3,18.39%,18,6.4,141.2,35,109.5,3.6,399.4,13.1
Ircon International Ltd.,IRCON,541956,CEMENT AND CONSTRUCTION,CONSTRUCTION & ENGINEERING,"3,136.30","2,771.20",215.7,7.22%,27.1,36.9,301.2,77.6,250.7,2.7,884.6,9.4
Ujjivan Small Finance Bank Ltd.,UJJIVANSFB,542904,BANKING AND FINANCE,BANKS,"1,579.80",528.6,483.4,34.75%,0,567.8,436.4,108.7,327.7,1.7,"1,254.50",6.4
Procter & Gamble Health Ltd.,PGHL,500126,PHARMACEUTICALS & BIOTECHNOLOGY,PHARMACEUTICALS,311,216.3,88.7,29.08%,6.5,0.2,88,22.5,65.6,39.5,231.4,139.4
Allcargo Logistics Ltd.,ALLCARGO,532749,TRANSPORTATION,TRANSPORTATION - LOGISTICS,"3,336.30","3,188.80",118,3.57%,106.7,36.7,14.2,1.3,21.8,0.9,361.9,14.7
Sheela Foam Ltd.,SFL,540203,DIVERSIFIED CONSUMER SERVICES,FURNITURE-FURNISHING-PAINTS,637.6,547,66.2,10.80%,21.9,8.6,60.2,15.6,44,4.5,192.4,17.7
Alok Industries Ltd.,ALOKINDS,521070,TEXTILES APPARELS & ACCESSORIES,TEXTILES,"1,369.30","1,323.10",35.9,2.64%,78.6,142.2,-174.6,0,-174.8,-0.3,-948.4,-1.9
Minda Corporation Ltd.,MINDACORP,538962,AUTOMOBILES & AUTO COMPONENTS,AUTO PARTS & EQUIPMENT,"1,197.90","1,064.50",131.3,10.98%,41.4,14.9,77,18.7,58.8,2.5,278.2,11.6
Concord Biotech Ltd.,CONCORDBIO,543960,PHARMACEUTICALS & BIOTECHNOLOGY,BIOTECHNOLOGY,270.5,143.2,119.2,45.43%,13.3,0.8,113.2,28.7,81,7.7,,
